ngay,ngan_hang,loai_giao_dich,tong_giao_dich,thanh_cong,that_bai,tong_so_tien,sr_phan_tram
2026-05-14 00:00:00,Vietcombank,Thanh toán,8899,8510,389,1399336,95.6
2026-05-14 00:00:00,Vietcombank,Nạp Tiền,2885,2769,116,604288,96.0
2026-05-14 00:00:00,Vietcombank,Rút tiền,2073,1981,92,714220,95.6
2026-05-14 00:00:00,Vietcombank,Chuyển tiền,1671,1589,82,1265324,95.1
2026-05-14 00:00:00,Techcombank,Thanh toán,6233,5982,251,878635,96.0
2026-05-14 00:00:00,Techcombank,Nạp Tiền,2375,2328,47,467354,98.0
2026-05-14 00:00:00,Techcombank,Rút tiền,1442,1408,34,535933,97.6
2026-05-14 00:00:00,Techcombank,Chuyển tiền,1227,1198,29,914784,97.6
2026-05-14 00:00:00,MB Bank,Thanh toán,5821,5683,138,812986,97.6
2026-05-14 00:00:00,MB Bank,Nạp Tiền,2132,2066,66,416160,96.9
2026-05-14 00:00:00,MB Bank,Rút tiền,1365,1353,12,487661,99.1
2026-05-14 00:00:00,MB Bank,Chuyển tiền,1187,1167,20,956480,98.3
2026-05-14 00:00:00,VietinBank,Thanh toán,5017,4663,354,721421,92.9
2026-05-14 00:00:00,VietinBank,Nạp Tiền,1869,1765,104,389093,94.4
2026-05-14 00:00:00,VietinBank,Rút tiền,1105,1046,59,407871,94.7
2026-05-14 00:00:00,VietinBank,Chuyển tiền,1031,977,54,885255,94.8
2026-05-14 00:00:00,BIDV,Thanh toán,4564,4319,245,703177,94.6
2026-05-14 00:00:00,BIDV,Nạp Tiền,1704,1607,97,330935,94.3
2026-05-14 00:00:00,BIDV,Rút tiền,1055,1012,43,382804,95.9
2026-05-14 00:00:00,BIDV,Chuyển tiền,929,884,45,694318,95.2
2026-05-14 00:00:00,VPBank,Thanh toán,4045,3846,199,592121,95.1
2026-05-14 00:00:00,VPBank,Nạp Tiền,1616,1560,56,326881,96.5
2026-05-14 00:00:00,VPBank,Rút tiền,980,952,28,361933,97.1
2026-05-14 00:00:00,VPBank,Chuyển tiền,886,856,30,752043,96.6
2026-05-14 00:00:00,ACB,Thanh toán,3826,3704,122,540726,96.8
2026-05-14 00:00:00,ACB,Nạp Tiền,1387,1368,19,267118,98.6
2026-05-14 00:00:00,ACB,Rút tiền,934,908,26,354003,97.2
2026-05-14 00:00:00,ACB,Chuyển tiền,863,828,35,640640,95.9
2026-05-14 00:00:00,Sacombank,Thanh toán,2336,2199,137,367710,94.1
2026-05-14 00:00:00,Sacombank,Nạp Tiền,855,814,41,167559,95.2
2026-05-14 00:00:00,Sacombank,Rút tiền,512,489,23,166237,95.5
2026-05-14 00:00:00,Sacombank,Chuyển tiền,511,472,39,371772,92.4
2026-05-14 00:00:00,TPBank,Thanh toán,1802,1745,57,251918,96.8
2026-05-14 00:00:00,TPBank,Nạp Tiền,722,705,17,131794,97.6
2026-05-14 00:00:00,TPBank,Rút tiền,461,453,8,160318,98.3
2026-05-14 00:00:00,TPBank,Chuyển tiền,413,408,5,354240,98.8
2026-05-14 00:00:00,Agribank,Thanh toán,1369,1308,61,189519,95.5
2026-05-14 00:00:00,Agribank,Nạp Tiền,565,541,24,119070,95.8
2026-05-14 00:00:00,Agribank,Rút tiền,344,323,21,118829,93.9
2026-05-14 00:00:00,Agribank,Chuyển tiền,328,305,23,274055,93.0
2026-05-15 00:00:00,Vietcombank,Thanh toán,8129,7984,145,1283234,98.2
2026-05-15 00:00:00,Vietcombank,Nạp Tiền,3019,2960,59,648543,98.0
2026-05-15 00:00:00,Vietcombank,Rút tiền,1946,1904,42,682143,97.8
2026-05-15 00:00:00,Vietcombank,Chuyển tiền,1757,1674,83,1479397,95.3
2026-05-15 00:00:00,Techcombank,Thanh toán,6169,6093,76,1003529,98.8
2026-05-15 00:00:00,Techcombank,Nạp Tiền,2043,1996,47,407668,97.7
2026-05-15 00:00:00,Techcombank,Rút tiền,1356,1338,18,510548,98.7
2026-05-15 00:00:00,Techcombank,Chuyển tiền,1438,1407,31,1090453,97.8
2026-05-15 00:00:00,MB Bank,Thanh toán,5635,5592,43,920806,99.2
2026-05-15 00:00:00,MB Bank,Nạp Tiền,2003,1979,24,425919,98.8
2026-05-15 00:00:00,MB Bank,Rút tiền,1468,1442,26,475343,98.2
2026-05-15 00:00:00,MB Bank,Chuyển tiền,1344,1311,33,1085909,97.5
2026-05-15 00:00:00,VietinBank,Thanh toán,4901,4621,280,750822,94.3
2026-05-15 00:00:00,VietinBank,Nạp Tiền,1792,1711,81,376697,95.5
2026-05-15 00:00:00,VietinBank,Rút tiền,1270,1185,85,427761,93.3
2026-05-15 00:00:00,VietinBank,Chuyển tiền,1182,1113,69,933893,94.2
2026-05-15 00:00:00,BIDV,Thanh toán,4704,4476,228,670024,95.2
2026-05-15 00:00:00,BIDV,Nạp Tiền,1550,1470,80,315475,94.8
2026-05-15 00:00:00,BIDV,Rút tiền,1045,999,46,329701,95.6
2026-05-15 00:00:00,BIDV,Chuyển tiền,926,870,56,800867,94.0
2026-05-15 00:00:00,VPBank,Thanh toán,4133,3919,214,587465,94.8
2026-05-15 00:00:00,VPBank,Nạp Tiền,1551,1490,61,312634,96.1
2026-05-15 00:00:00,VPBank,Rút tiền,1043,1005,38,346286,96.4
2026-05-15 00:00:00,VPBank,Chuyển tiền,949,916,33,712191,96.5
2026-05-15 00:00:00,ACB,Thanh toán,3515,3444,71,511885,98.0
2026-05-15 00:00:00,ACB,Nạp Tiền,1347,1312,35,281742,97.4
2026-05-15 00:00:00,ACB,Rút tiền,832,800,32,304491,96.2
2026-05-15 00:00:00,ACB,Chuyển tiền,773,744,29,580085,96.2
2026-05-15 00:00:00,Sacombank,Thanh toán,2278,2117,161,320069,92.9
2026-05-15 00:00:00,Sacombank,Nạp Tiền,864,806,58,187428,93.3
2026-05-15 00:00:00,Sacombank,Rút tiền,540,513,27,202455,95.0
2026-05-15 00:00:00,Sacombank,Chuyển tiền,460,424,36,404747,92.2
2026-05-15 00:00:00,TPBank,Thanh toán,1753,1741,12,285372,99.3
2026-05-15 00:00:00,TPBank,Nạp Tiền,743,722,21,145818,97.2
2026-05-15 00:00:00,TPBank,Rút tiền,474,460,14,162616,97.0
2026-05-15 00:00:00,TPBank,Chuyển tiền,388,374,14,279493,96.4
2026-05-15 00:00:00,Agribank,Thanh toán,1466,1382,84,232393,94.3
2026-05-15 00:00:00,Agribank,Nạp Tiền,555,524,31,115364,94.4
2026-05-15 00:00:00,Agribank,Rút tiền,369,356,13,130590,96.5
2026-05-15 00:00:00,Agribank,Chuyển tiền,344,325,19,258131,94.5
2026-05-16 00:00:00,Vietcombank,Thanh toán,5156,5064,92,785647,98.2
2026-05-16 00:00:00,Vietcombank,Nạp Tiền,2071,1977,94,398759,95.5
2026-05-16 00:00:00,Vietcombank,Rút tiền,1178,1143,35,412535,97.0
2026-05-16 00:00:00,Vietcombank,Chuyển tiền,1212,1155,57,1058954,95.3
2026-05-16 00:00:00,Techcombank,Thanh toán,3733,3675,58,511628,98.4
2026-05-16 00:00:00,Techcombank,Nạp Tiền,1345,1317,28,254753,97.9
2026-05-16 00:00:00,Techcombank,Rút tiền,893,882,11,316905,98.8
2026-05-16 00:00:00,Techcombank,Chuyển tiền,806,784,22,634383,97.3
2026-05-16 00:00:00,MB Bank,Thanh toán,4100,4030,70,592413,98.3
2026-05-16 00:00:00,MB Bank,Nạp Tiền,1340,1303,37,279587,97.2
2026-05-16 00:00:00,MB Bank,Rút tiền,889,866,23,288179,97.4
2026-05-16 00:00:00,MB Bank,Chuyển tiền,840,819,21,729660,97.5
2026-05-16 00:00:00,VietinBank,Thanh toán,3084,2860,224,473809,92.7
2026-05-16 00:00:00,VietinBank,Nạp Tiền,1238,1185,53,226467,95.7
2026-05-16 00:00:00,VietinBank,Rút tiền,739,696,43,239636,94.2
2026-05-16 00:00:00,VietinBank,Chuyển tiền,700,664,36,602478,94.9
2026-05-16 00:00:00,BIDV,Thanh toán,2903,2748,155,430066,94.7
2026-05-16 00:00:00,BIDV,Nạp Tiền,1126,1080,46,230229,95.9
2026-05-16 00:00:00,BIDV,Rút tiền,745,713,32,235082,95.7
2026-05-16 00:00:00,BIDV,Chuyển tiền,662,624,38,546906,94.3
2026-05-16 00:00:00,VPBank,Thanh toán,2535,2418,117,409887,95.4
2026-05-16 00:00:00,VPBank,Nạp Tiền,1038,987,51,198538,95.1
2026-05-16 00:00:00,VPBank,Rút tiền,609,589,20,200514,96.7
2026-05-16 00:00:00,VPBank,Chuyển tiền,620,599,21,496536,96.6
2026-05-16 00:00:00,ACB,Thanh toán,2348,2318,30,376579,98.7
2026-05-16 00:00:00,ACB,Nạp Tiền,830,813,17,176934,98.0
2026-05-16 00:00:00,ACB,Rút tiền,530,509,21,195558,96.0
2026-05-16 00:00:00,ACB,Chuyển tiền,565,556,9,421407,98.4
2026-05-16 00:00:00,Sacombank,Thanh toán,1445,1361,84,213615,94.2
2026-05-16 00:00:00,Sacombank,Nạp Tiền,485,450,35,105633,92.8
2026-05-16 00:00:00,Sacombank,Rút tiền,359,342,17,126795,95.3
2026-05-16 00:00:00,Sacombank,Chuyển tiền,313,293,20,232776,93.6
2026-05-16 00:00:00,TPBank,Thanh toán,1167,1126,41,170311,96.5
2026-05-16 00:00:00,TPBank,Nạp Tiền,418,414,4,78752,99.0
2026-05-16 00:00:00,TPBank,Rút tiền,283,278,5,96151,98.2
2026-05-16 00:00:00,TPBank,Chuyển tiền,283,279,4,222160,98.6
2026-05-16 00:00:00,Agribank,Thanh toán,927,892,35,131728,96.2
2026-05-16 00:00:00,Agribank,Nạp Tiền,333,321,12,70739,96.4
2026-05-16 00:00:00,Agribank,Rút tiền,236,221,15,86508,93.6
2026-05-16 00:00:00,Agribank,Chuyển tiền,215,205,10,168962,95.3
2026-05-17 00:00:00,Vietcombank,Thanh toán,5619,5501,118,895233,97.9
2026-05-17 00:00:00,Vietcombank,Nạp Tiền,1930,1849,81,401538,95.8
2026-05-17 00:00:00,Vietcombank,Rút tiền,1263,1237,26,473753,97.9
2026-05-17 00:00:00,Vietcombank,Chuyển tiền,1133,1081,52,982256,95.4
2026-05-17 00:00:00,Techcombank,Thanh toán,4009,3881,128,636871,96.8
2026-05-17 00:00:00,Techcombank,Nạp Tiền,1386,1338,48,286072,96.5
2026-05-17 00:00:00,Techcombank,Rút tiền,965,935,30,362362,96.9
2026-05-17 00:00:00,Techcombank,Chuyển tiền,867,836,31,694904,96.4
2026-05-17 00:00:00,MB Bank,Thanh toán,4052,3954,98,550375,97.6
2026-05-17 00:00:00,MB Bank,Nạp Tiền,1340,1302,38,292791,97.2
2026-05-17 00:00:00,MB Bank,Rút tiền,895,866,29,319300,96.8
2026-05-17 00:00:00,MB Bank,Chuyển tiền,852,837,15,656200,98.2
2026-05-17 00:00:00,VietinBank,Thanh toán,3128,2936,192,476387,93.9
2026-05-17 00:00:00,VietinBank,Nạp Tiền,1159,1076,83,228835,92.8
2026-05-17 00:00:00,VietinBank,Rút tiền,778,743,35,274394,95.5
2026-05-17 00:00:00,VietinBank,Chuyển tiền,748,711,37,626768,95.1
2026-05-17 00:00:00,BIDV,Thanh toán,2814,2670,144,385797,94.9
2026-05-17 00:00:00,BIDV,Nạp Tiền,1157,1117,40,237099,96.5
2026-05-17 00:00:00,BIDV,Rút tiền,726,699,27,265267,96.3
2026-05-17 00:00:00,BIDV,Chuyển tiền,630,597,33,520822,94.8
2026-05-17 00:00:00,VPBank,Thanh toán,2634,2524,110,378952,95.8
2026-05-17 00:00:00,VPBank,Nạp Tiền,929,884,45,191928,95.2
2026-05-17 00:00:00,VPBank,Rút tiền,631,610,21,238641,96.7
2026-05-17 00:00:00,VPBank,Chuyển tiền,617,591,26,484327,95.8
2026-05-17 00:00:00,ACB,Thanh toán,2220,2151,69,313698,96.9
2026-05-17 00:00:00,ACB,Nạp Tiền,889,866,23,175743,97.4
2026-05-17 00:00:00,ACB,Rút tiền,552,538,14,204549,97.5
2026-05-17 00:00:00,ACB,Chuyển tiền,505,492,13,386529,97.4
2026-05-17 00:00:00,Sacombank,Thanh toán,1501,1417,84,217728,94.4
2026-05-17 00:00:00,Sacombank,Nạp Tiền,514,486,28,97138,94.6
2026-05-17 00:00:00,Sacombank,Rút tiền,327,304,23,104062,93.0
2026-05-17 00:00:00,Sacombank,Chuyển tiền,320,300,20,269746,93.8
2026-05-17 00:00:00,TPBank,Thanh toán,1251,1222,29,192520,97.7
2026-05-17 00:00:00,TPBank,Nạp Tiền,437,431,6,85371,98.6
2026-05-17 00:00:00,TPBank,Rút tiền,293,285,8,105750,97.3
2026-05-17 00:00:00,TPBank,Chuyển tiền,248,244,4,212702,98.4
2026-05-17 00:00:00,Agribank,Thanh toán,915,877,38,129532,95.8
2026-05-17 00:00:00,Agribank,Nạp Tiền,374,360,14,75068,96.3
2026-05-17 00:00:00,Agribank,Rút tiền,213,203,10,80774,95.3
2026-05-17 00:00:00,Agribank,Chuyển tiền,201,190,11,170493,94.5
2026-05-18 00:00:00,Vietcombank,Thanh toán,8677,8526,151,1326397,98.3
2026-05-18 00:00:00,Vietcombank,Nạp Tiền,3146,3082,64,643376,98.0
2026-05-18 00:00:00,Vietcombank,Rút tiền,2052,1982,70,776640,96.6
2026-05-18 00:00:00,Vietcombank,Chuyển tiền,1884,1837,47,1580647,97.5
2026-05-18 00:00:00,Techcombank,Thanh toán,6103,5935,168,961547,97.2
2026-05-18 00:00:00,Techcombank,Nạp Tiền,2369,2292,77,500112,96.7
2026-05-18 00:00:00,Techcombank,Rút tiền,1452,1420,32,485290,97.8
2026-05-18 00:00:00,Techcombank,Chuyển tiền,1245,1214,31,943111,97.5
2026-05-18 00:00:00,MB Bank,Thanh toán,5732,5592,140,866704,97.6
2026-05-18 00:00:00,MB Bank,Nạp Tiền,2030,1970,60,396502,97.0
2026-05-18 00:00:00,MB Bank,Rút tiền,1313,1296,17,419498,98.7
2026-05-18 00:00:00,MB Bank,Chuyển tiền,1280,1243,37,1017021,97.1
2026-05-18 00:00:00,VietinBank,Thanh toán,4693,4380,313,692707,93.3
2026-05-18 00:00:00,VietinBank,Nạp Tiền,1694,1614,80,356796,95.3
2026-05-18 00:00:00,VietinBank,Rút tiền,1191,1121,70,453761,94.1
2026-05-18 00:00:00,VietinBank,Chuyển tiền,1087,1027,60,931071,94.5
2026-05-18 00:00:00,BIDV,Thanh toán,4604,4393,211,723007,95.4
2026-05-18 00:00:00,BIDV,Nạp Tiền,1630,1553,77,311195,95.3
2026-05-18 00:00:00,BIDV,Rút tiền,1111,1043,68,376105,93.9
2026-05-18 00:00:00,BIDV,Chuyển tiền,1014,968,46,866443,95.5
2026-05-18 00:00:00,VPBank,Thanh toán,3925,3829,96,592768,97.6
2026-05-18 00:00:00,VPBank,Nạp Tiền,1612,1544,68,326551,95.8
2026-05-18 00:00:00,VPBank,Rút tiền,903,857,46,311537,94.9
2026-05-18 00:00:00,VPBank,Chuyển tiền,946,895,51,720497,94.6
2026-05-18 00:00:00,ACB,Thanh toán,3751,3625,126,543164,96.6
2026-05-18 00:00:00,ACB,Nạp Tiền,1436,1416,20,274463,98.6
2026-05-18 00:00:00,ACB,Rút tiền,914,884,30,293150,96.7
2026-05-18 00:00:00,ACB,Chuyển tiền,750,733,17,546250,97.7
2026-05-18 00:00:00,Sacombank,Thanh toán,2228,2076,152,305366,93.2
2026-05-18 00:00:00,Sacombank,Nạp Tiền,756,716,40,164796,94.7
2026-05-18 00:00:00,Sacombank,Rút tiền,509,484,25,182473,95.1
2026-05-18 00:00:00,Sacombank,Chuyển tiền,478,442,36,395360,92.5
2026-05-18 00:00:00,TPBank,Thanh toán,2034,2019,15,302966,99.3
2026-05-18 00:00:00,TPBank,Nạp Tiền,667,658,9,124536,98.7
2026-05-18 00:00:00,TPBank,Rút tiền,427,422,5,139399,98.8
2026-05-18 00:00:00,TPBank,Chuyển tiền,420,404,16,304125,96.2
2026-05-18 00:00:00,Agribank,Thanh toán,1446,1377,69,234600,95.2
2026-05-18 00:00:00,Agribank,Nạp Tiền,545,516,29,113687,94.7
2026-05-18 00:00:00,Agribank,Rút tiền,327,312,15,122016,95.4
2026-05-18 00:00:00,Agribank,Chuyển tiền,314,293,21,264889,93.3
2026-05-19 00:00:00,Vietcombank,Thanh toán,8819,8618,201,1401222,97.7
2026-05-19 00:00:00,Vietcombank,Nạp Tiền,3049,2977,72,591164,97.6
2026-05-19 00:00:00,Vietcombank,Rút tiền,2013,1958,55,643811,97.3
2026-05-19 00:00:00,Vietcombank,Chuyển tiền,1830,1736,94,1440593,94.9
2026-05-19 00:00:00,Techcombank,Thanh toán,6118,5887,231,1002272,96.2
2026-05-19 00:00:00,Techcombank,Nạp Tiền,2368,2334,34,469786,98.6
2026-05-19 00:00:00,Techcombank,Rút tiền,1367,1329,38,500821,97.2
2026-05-19 00:00:00,Techcombank,Chuyển tiền,1392,1339,53,1182242,96.2
2026-05-19 00:00:00,MB Bank,Thanh toán,5940,5876,64,884740,98.9
2026-05-19 00:00:00,MB Bank,Nạp Tiền,2263,2204,59,484437,97.4
2026-05-19 00:00:00,MB Bank,Rút tiền,1486,1477,9,497104,99.4
2026-05-19 00:00:00,MB Bank,Chuyển tiền,1291,1250,41,1025510,96.8
2026-05-19 00:00:00,VietinBank,Thanh toán,5254,4976,278,762312,94.7
2026-05-19 00:00:00,VietinBank,Nạp Tiền,1937,1845,92,362748,95.3
2026-05-19 00:00:00,VietinBank,Rút tiền,1148,1076,72,382381,93.7
2026-05-19 00:00:00,VietinBank,Chuyển tiền,1082,1026,56,900428,94.8
2026-05-19 00:00:00,BIDV,Thanh toán,4457,4255,202,670773,95.5
2026-05-19 00:00:00,BIDV,Nạp Tiền,1615,1519,96,337216,94.1
2026-05-19 00:00:00,BIDV,Rút tiền,1112,1062,50,368986,95.5
2026-05-19 00:00:00,BIDV,Chuyển tiền,1032,983,49,824084,95.3
2026-05-19 00:00:00,VPBank,Thanh toán,3812,3617,195,539961,94.9
2026-05-19 00:00:00,VPBank,Nạp Tiền,1557,1484,73,321611,95.3
2026-05-19 00:00:00,VPBank,Rút tiền,991,952,39,348995,96.1
2026-05-19 00:00:00,VPBank,Chuyển tiền,936,909,27,756346,97.1
2026-05-19 00:00:00,ACB,Thanh toán,3776,3705,71,540449,98.1
2026-05-19 00:00:00,ACB,Nạp Tiền,1306,1263,43,272759,96.7
2026-05-19 00:00:00,ACB,Rút tiền,887,855,32,312676,96.4
2026-05-19 00:00:00,ACB,Chuyển tiền,793,762,31,664674,96.1
2026-05-19 00:00:00,Sacombank,Thanh toán,2190,2073,117,359813,94.7
2026-05-19 00:00:00,Sacombank,Nạp Tiền,818,781,37,174483,95.5
2026-05-19 00:00:00,Sacombank,Rút tiền,521,485,36,170659,93.1
2026-05-19 00:00:00,Sacombank,Chuyển tiền,449,423,26,332373,94.2
2026-05-19 00:00:00,TPBank,Thanh toán,1769,1757,12,268181,99.3
2026-05-19 00:00:00,TPBank,Nạp Tiền,724,718,6,148792,99.2
2026-05-19 00:00:00,TPBank,Rút tiền,475,459,16,150032,96.6
2026-05-19 00:00:00,TPBank,Chuyển tiền,417,406,11,329628,97.4
2026-05-19 00:00:00,Agribank,Thanh toán,1414,1363,51,201600,96.4
2026-05-19 00:00:00,Agribank,Nạp Tiền,558,524,34,101898,93.9
2026-05-19 00:00:00,Agribank,Rút tiền,354,332,22,127107,93.8
2026-05-19 00:00:00,Agribank,Chuyển tiền,302,282,20,256634,93.4
2026-05-20 00:00:00,Vietcombank,Thanh toán,8212,7847,365,1169764,95.6
2026-05-20 00:00:00,Vietcombank,Nạp Tiền,3045,2972,73,621949,97.6
2026-05-20 00:00:00,Vietcombank,Rút tiền,1909,1864,45,652164,97.6
2026-05-20 00:00:00,Vietcombank,Chuyển tiền,1882,1801,81,1532256,95.7
2026-05-20 00:00:00,Techcombank,Thanh toán,6056,5863,193,930388,96.8
2026-05-20 00:00:00,Techcombank,Nạp Tiền,2355,2326,29,433247,98.8
2026-05-20 00:00:00,Techcombank,Rút tiền,1523,1470,53,502242,96.5
2026-05-20 00:00:00,Techcombank,Chuyển tiền,1395,1334,61,1057937,95.6
2026-05-20 00:00:00,MB Bank,Thanh toán,5954,5765,189,804267,96.8
2026-05-20 00:00:00,MB Bank,Nạp Tiền,2190,2161,29,435364,98.7
2026-05-20 00:00:00,MB Bank,Rút tiền,1282,1247,35,467272,97.3
2026-05-20 00:00:00,MB Bank,Chuyển tiền,1355,1337,18,991031,98.7
2026-05-20 00:00:00,VietinBank,Thanh toán,4869,4649,220,772393,95.5
2026-05-20 00:00:00,VietinBank,Nạp Tiền,1785,1677,108,360181,93.9
2026-05-20 00:00:00,VietinBank,Rút tiền,1259,1173,86,419995,93.2
2026-05-20 00:00:00,VietinBank,Chuyển tiền,1047,968,79,781635,92.5
2026-05-20 00:00:00,BIDV,Thanh toán,4489,4291,198,717015,95.6
2026-05-20 00:00:00,BIDV,Nạp Tiền,1665,1584,81,330915,95.1
2026-05-20 00:00:00,BIDV,Rút tiền,1064,1020,44,405370,95.9
2026-05-20 00:00:00,BIDV,Chuyển tiền,1039,986,53,820853,94.9
2026-05-20 00:00:00,VPBank,Thanh toán,4407,4174,233,652063,94.7
2026-05-20 00:00:00,VPBank,Nạp Tiền,1462,1410,52,264672,96.4
2026-05-20 00:00:00,VPBank,Rút tiền,955,931,24,356708,97.5
2026-05-20 00:00:00,VPBank,Chuyển tiền,833,809,24,689361,97.1
2026-05-20 00:00:00,ACB,Thanh toán,3691,3607,84,582784,97.7
2026-05-20 00:00:00,ACB,Nạp Tiền,1286,1253,33,264993,97.4
2026-05-20 00:00:00,ACB,Rút tiền,878,848,30,312544,96.6
2026-05-20 00:00:00,ACB,Chuyển tiền,871,857,14,692620,98.4
2026-05-20 00:00:00,Sacombank,Thanh toán,2258,2111,147,350224,93.5
2026-05-20 00:00:00,Sacombank,Nạp Tiền,787,736,51,163496,93.5
2026-05-20 00:00:00,Sacombank,Rút tiền,520,491,29,178376,94.4
2026-05-20 00:00:00,Sacombank,Chuyển tiền,518,477,41,380258,92.1
2026-05-20 00:00:00,TPBank,Thanh toán,1875,1826,49,307697,97.4
2026-05-20 00:00:00,TPBank,Nạp Tiền,686,679,7,146116,99.0
2026-05-20 00:00:00,TPBank,Rút tiền,413,406,7,145781,98.3
2026-05-20 00:00:00,TPBank,Chuyển tiền,433,416,17,347677,96.1
2026-05-20 00:00:00,Agribank,Thanh toán,1526,1461,65,234641,95.7
2026-05-20 00:00:00,Agribank,Nạp Tiền,503,473,30,101590,94.0
2026-05-20 00:00:00,Agribank,Rút tiền,341,323,18,124082,94.7
2026-05-20 00:00:00,Agribank,Chuyển tiền,306,285,21,251165,93.1
2026-05-21 00:00:00,Vietcombank,Thanh toán,8080,7872,208,1166125,97.4
2026-05-21 00:00:00,Vietcombank,Nạp Tiền,2767,2683,84,508376,97.0
2026-05-21 00:00:00,Vietcombank,Rút tiền,1852,1791,61,598608,96.7
2026-05-21 00:00:00,Vietcombank,Chuyển tiền,1734,1670,64,1447294,96.3
2026-05-21 00:00:00,Techcombank,Thanh toán,6138,6016,122,905138,98.0
2026-05-21 00:00:00,Techcombank,Nạp Tiền,2290,2263,27,434525,98.8
2026-05-21 00:00:00,Techcombank,Rút tiền,1469,1415,54,482335,96.3
2026-05-21 00:00:00,Techcombank,Chuyển tiền,1379,1337,42,1186894,97.0
2026-05-21 00:00:00,MB Bank,Thanh toán,6273,6073,200,992264,96.8
2026-05-21 00:00:00,MB Bank,Nạp Tiền,2172,2120,52,459396,97.6
2026-05-21 00:00:00,MB Bank,Rút tiền,1342,1329,13,449299,99.0
2026-05-21 00:00:00,MB Bank,Chuyển tiền,1252,1235,17,1017610,98.6
2026-05-21 00:00:00,VietinBank,Thanh toán,5305,4996,309,739823,94.2
2026-05-21 00:00:00,VietinBank,Nạp Tiền,1959,1844,115,378669,94.1
2026-05-21 00:00:00,VietinBank,Rút tiền,1233,1157,76,468909,93.8
2026-05-21 00:00:00,VietinBank,Chuyển tiền,1059,1008,51,802943,95.2
2026-05-21 00:00:00,BIDV,Thanh toán,4567,4316,251,722802,94.5
2026-05-21 00:00:00,BIDV,Nạp Tiền,1540,1459,81,306335,94.7
2026-05-21 00:00:00,BIDV,Rút tiền,1084,1029,55,391820,94.9
2026-05-21 00:00:00,BIDV,Chuyển tiền,949,900,49,688901,94.8
2026-05-21 00:00:00,VPBank,Thanh toán,4309,4201,108,624631,97.5
2026-05-21 00:00:00,VPBank,Nạp Tiền,1405,1366,39,277645,97.2
2026-05-21 00:00:00,VPBank,Rút tiền,1031,1003,28,325872,97.3
2026-05-21 00:00:00,VPBank,Chuyển tiền,864,824,40,712596,95.4
2026-05-21 00:00:00,ACB,Thanh toán,3574,3439,135,566285,96.2
2026-05-21 00:00:00,ACB,Nạp Tiền,1309,1270,39,271890,97.0
2026-05-21 00:00:00,ACB,Rút tiền,827,815,12,309847,98.5
2026-05-21 00:00:00,ACB,Chuyển tiền,843,829,14,691502,98.3
2026-05-21 00:00:00,Sacombank,Thanh toán,2298,2186,112,312704,95.1
2026-05-21 00:00:00,Sacombank,Nạp Tiền,763,711,52,158227,93.2
2026-05-21 00:00:00,Sacombank,Rút tiền,520,497,23,190982,95.6
2026-05-21 00:00:00,Sacombank,Chuyển tiền,503,478,25,423354,95.0
2026-05-21 00:00:00,TPBank,Thanh toán,1797,1756,41,280008,97.7
2026-05-21 00:00:00,TPBank,Nạp Tiền,638,616,22,135157,96.6
2026-05-21 00:00:00,TPBank,Rút tiền,450,439,11,155316,97.6
2026-05-21 00:00:00,TPBank,Chuyển tiền,412,402,10,333945,97.6
2026-05-21 00:00:00,Agribank,Thanh toán,1569,1475,94,220055,94.0
2026-05-21 00:00:00,Agribank,Nạp Tiền,575,553,22,117753,96.2
2026-05-21 00:00:00,Agribank,Rút tiền,338,321,17,120267,95.0
2026-05-21 00:00:00,Agribank,Chuyển tiền,313,295,18,238079,94.2
2026-05-22 00:00:00,Vietcombank,Thanh toán,8112,7893,219,1313878,97.3
2026-05-22 00:00:00,Vietcombank,Nạp Tiền,2998,2938,60,620899,98.0
2026-05-22 00:00:00,Vietcombank,Rút tiền,1874,1790,84,714306,95.5
2026-05-22 00:00:00,Vietcombank,Chuyển tiền,1809,1750,59,1425291,96.7
2026-05-22 00:00:00,Techcombank,Thanh toán,5873,5713,160,846085,97.3
2026-05-22 00:00:00,Techcombank,Nạp Tiền,2239,2205,34,412571,98.5
2026-05-22 00:00:00,Techcombank,Rút tiền,1425,1391,34,506212,97.6
2026-05-22 00:00:00,Techcombank,Chuyển tiền,1405,1353,52,1231441,96.3
2026-05-22 00:00:00,MB Bank,Thanh toán,6063,5929,134,819977,97.8
2026-05-22 00:00:00,MB Bank,Nạp Tiền,1985,1972,13,416466,99.3
2026-05-22 00:00:00,MB Bank,Rút tiền,1487,1477,10,498194,99.3
2026-05-22 00:00:00,MB Bank,Chuyển tiền,1380,1336,44,1170666,96.8
2026-05-22 00:00:00,VietinBank,Thanh toán,4854,4592,262,745704,94.6
2026-05-22 00:00:00,VietinBank,Nạp Tiền,1754,1659,95,379102,94.6
2026-05-22 00:00:00,VietinBank,Rút tiền,1259,1169,90,466085,92.9
2026-05-22 00:00:00,VietinBank,Chuyển tiền,1019,957,62,853083,93.9
2026-05-22 00:00:00,BIDV,Thanh toán,4267,4119,148,617868,96.5
2026-05-22 00:00:00,BIDV,Nạp Tiền,1730,1632,98,320545,94.3
2026-05-22 00:00:00,BIDV,Rút tiền,1125,1085,40,383186,96.4
2026-05-22 00:00:00,BIDV,Chuyển tiền,1039,998,41,886137,96.1
2026-05-22 00:00:00,VPBank,Thanh toán,4058,3950,108,662775,97.3
2026-05-22 00:00:00,VPBank,Nạp Tiền,1586,1514,72,340697,95.5
2026-05-22 00:00:00,VPBank,Rút tiền,926,889,37,296570,96.0
2026-05-22 00:00:00,VPBank,Chuyển tiền,885,856,29,739749,96.7
2026-05-22 00:00:00,ACB,Thanh toán,3822,3780,42,608224,98.9
2026-05-22 00:00:00,ACB,Nạp Tiền,1335,1285,50,261370,96.3
2026-05-22 00:00:00,ACB,Rút tiền,874,853,21,303133,97.6
2026-05-22 00:00:00,ACB,Chuyển tiền,813,791,22,692340,97.3
2026-05-22 00:00:00,Sacombank,Thanh toán,2239,2078,161,317970,92.8
2026-05-22 00:00:00,Sacombank,Nạp Tiền,752,710,42,163730,94.4
2026-05-22 00:00:00,Sacombank,Rút tiền,525,500,25,173510,95.2
2026-05-22 00:00:00,Sacombank,Chuyển tiền,456,428,28,362192,93.9
2026-05-22 00:00:00,TPBank,Thanh toán,1900,1869,31,263150,98.4
2026-05-22 00:00:00,TPBank,Nạp Tiền,640,635,5,122991,99.2
2026-05-22 00:00:00,TPBank,Rút tiền,476,461,15,157763,96.8
2026-05-22 00:00:00,TPBank,Chuyển tiền,398,386,12,310186,97.0
2026-05-22 00:00:00,Agribank,Thanh toán,1557,1488,69,235427,95.6
2026-05-22 00:00:00,Agribank,Nạp Tiền,572,548,24,106495,95.8
2026-05-22 00:00:00,Agribank,Rút tiền,349,333,16,130302,95.4
2026-05-22 00:00:00,Agribank,Chuyển tiền,338,318,20,294818,94.1
2026-05-23 00:00:00,Vietcombank,Thanh toán,4967,4836,131,702920,97.4
2026-05-23 00:00:00,Vietcombank,Nạp Tiền,2021,1984,37,432934,98.2
2026-05-23 00:00:00,Vietcombank,Rút tiền,1191,1170,21,405789,98.2
2026-05-23 00:00:00,Vietcombank,Chuyển tiền,1242,1191,51,973358,95.9
2026-05-23 00:00:00,Techcombank,Thanh toán,3845,3799,46,628543,98.8
2026-05-23 00:00:00,Techcombank,Nạp Tiền,1538,1496,42,317613,97.3
2026-05-23 00:00:00,Techcombank,Rút tiền,868,834,34,293684,96.1
2026-05-23 00:00:00,Techcombank,Chuyển tiền,828,809,19,623345,97.7
2026-05-23 00:00:00,MB Bank,Thanh toán,4070,3957,113,575817,97.2
2026-05-23 00:00:00,MB Bank,Nạp Tiền,1333,1301,32,247807,97.6
2026-05-23 00:00:00,MB Bank,Rút tiền,828,807,21,317854,97.5
2026-05-23 00:00:00,MB Bank,Chuyển tiền,797,779,18,675666,97.7
2026-05-23 00:00:00,VietinBank,Thanh toán,3122,2956,166,423884,94.7
2026-05-23 00:00:00,VietinBank,Nạp Tiền,1097,1029,68,232056,93.8
2026-05-23 00:00:00,VietinBank,Rút tiền,787,737,50,257504,93.6
2026-05-23 00:00:00,VietinBank,Chuyển tiền,662,613,49,521228,92.6
2026-05-23 00:00:00,BIDV,Thanh toán,2772,2662,110,413824,96.0
2026-05-23 00:00:00,BIDV,Nạp Tiền,1079,1029,50,198926,95.4
2026-05-23 00:00:00,BIDV,Rút tiền,706,667,39,252788,94.5
2026-05-23 00:00:00,BIDV,Chuyển tiền,685,655,30,588221,95.6
2026-05-23 00:00:00,VPBank,Thanh toán,2733,2610,123,421702,95.5
2026-05-23 00:00:00,VPBank,Nạp Tiền,904,857,47,180039,94.8
2026-05-23 00:00:00,VPBank,Rút tiền,634,608,26,204501,95.9
2026-05-23 00:00:00,VPBank,Chuyển tiền,630,610,20,461007,96.8
2026-05-23 00:00:00,ACB,Thanh toán,2261,2192,69,315296,96.9
2026-05-23 00:00:00,ACB,Nạp Tiền,839,812,27,172266,96.8
2026-05-23 00:00:00,ACB,Rút tiền,595,584,11,203289,98.2
2026-05-23 00:00:00,ACB,Chuyển tiền,560,544,16,443852,97.1
2026-05-23 00:00:00,Sacombank,Thanh toán,1486,1394,92,235966,93.8
2026-05-23 00:00:00,Sacombank,Nạp Tiền,498,473,25,102606,95.0
2026-05-23 00:00:00,Sacombank,Rút tiền,364,343,21,136712,94.2
2026-05-23 00:00:00,Sacombank,Chuyển tiền,317,296,21,239829,93.4
2026-05-23 00:00:00,TPBank,Thanh toán,1221,1207,14,179440,98.9
2026-05-23 00:00:00,TPBank,Nạp Tiền,425,414,11,81812,97.4
2026-05-23 00:00:00,TPBank,Rút tiền,284,277,7,92494,97.5
2026-05-23 00:00:00,TPBank,Chuyển tiền,278,267,11,237157,96.0
2026-05-23 00:00:00,Agribank,Thanh toán,911,864,47,143334,94.8
2026-05-23 00:00:00,Agribank,Nạp Tiền,346,332,14,69980,96.0
2026-05-23 00:00:00,Agribank,Rút tiền,245,233,12,88665,95.1
2026-05-23 00:00:00,Agribank,Chuyển tiền,220,207,13,181819,94.1
2026-05-24 00:00:00,Vietcombank,Thanh toán,5702,5506,196,926434,96.6
2026-05-24 00:00:00,Vietcombank,Nạp Tiền,1820,1787,33,371309,98.2
2026-05-24 00:00:00,Vietcombank,Rút tiền,1256,1201,55,440251,95.6
2026-05-24 00:00:00,Vietcombank,Chuyển tiền,1116,1080,36,843561,96.8
2026-05-24 00:00:00,Techcombank,Thanh toán,3761,3646,115,570498,96.9
2026-05-24 00:00:00,Techcombank,Nạp Tiền,1357,1332,25,275422,98.2
2026-05-24 00:00:00,Techcombank,Rút tiền,972,957,15,372488,98.5
2026-05-24 00:00:00,Techcombank,Chuyển tiền,802,780,22,661852,97.3
2026-05-24 00:00:00,MB Bank,Thanh toán,3776,3651,125,540716,96.7
2026-05-24 00:00:00,MB Bank,Nạp Tiền,1469,1433,36,284388,97.5
2026-05-24 00:00:00,MB Bank,Rút tiền,829,805,24,269447,97.1
2026-05-24 00:00:00,MB Bank,Chuyển tiền,866,834,32,726188,96.3
2026-05-24 00:00:00,VietinBank,Thanh toán,3041,2827,214,458930,93.0
2026-05-24 00:00:00,VietinBank,Nạp Tiền,1190,1118,72,230426,93.9
2026-05-24 00:00:00,VietinBank,Rút tiền,759,711,48,256319,93.7
2026-05-24 00:00:00,VietinBank,Chuyển tiền,728,684,44,627051,94.0
2026-05-24 00:00:00,BIDV,Thanh toán,2793,2633,160,428823,94.3
2026-05-24 00:00:00,BIDV,Nạp Tiền,1007,953,54,207922,94.6
2026-05-24 00:00:00,BIDV,Rút tiền,704,673,31,242170,95.6
2026-05-24 00:00:00,BIDV,Chuyển tiền,619,592,27,456952,95.6
2026-05-24 00:00:00,VPBank,Thanh toán,2687,2551,136,417416,94.9
2026-05-24 00:00:00,VPBank,Nạp Tiền,1048,1007,41,216606,96.1
2026-05-24 00:00:00,VPBank,Rút tiền,588,560,28,225739,95.2
2026-05-24 00:00:00,VPBank,Chuyển tiền,546,514,32,419451,94.1
2026-05-24 00:00:00,ACB,Thanh toán,2328,2288,40,367648,98.3
2026-05-24 00:00:00,ACB,Nạp Tiền,881,854,27,158852,96.9
2026-05-24 00:00:00,ACB,Rút tiền,580,560,20,198136,96.6
2026-05-24 00:00:00,ACB,Chuyển tiền,513,498,15,437761,97.1
2026-05-24 00:00:00,Sacombank,Thanh toán,1538,1439,99,225950,93.6
2026-05-24 00:00:00,Sacombank,Nạp Tiền,489,459,30,97012,93.9
2026-05-24 00:00:00,Sacombank,Rút tiền,319,303,16,113341,95.0
2026-05-24 00:00:00,Sacombank,Chuyển tiền,326,304,22,268109,93.3
2026-05-24 00:00:00,TPBank,Thanh toán,1209,1170,39,163971,96.8
2026-05-24 00:00:00,TPBank,Nạp Tiền,454,440,14,98928,96.9
2026-05-24 00:00:00,TPBank,Rút tiền,297,294,3,112677,99.0
2026-05-24 00:00:00,TPBank,Chuyển tiền,253,246,7,186445,97.2
2026-05-24 00:00:00,Agribank,Thanh toán,999,952,47,150568,95.3
2026-05-24 00:00:00,Agribank,Nạp Tiền,348,334,14,73021,96.0
2026-05-24 00:00:00,Agribank,Rút tiền,224,212,12,73196,94.6
2026-05-24 00:00:00,Agribank,Chuyển tiền,226,214,12,181906,94.7
2026-05-25 00:00:00,Vietcombank,Thanh toán,7987,7829,158,1161958,98.0
2026-05-25 00:00:00,Vietcombank,Nạp Tiền,3132,3075,57,644621,98.2
2026-05-25 00:00:00,Vietcombank,Rút tiền,1869,1794,75,607894,96.0
2026-05-25 00:00:00,Vietcombank,Chuyển tiền,1757,1675,82,1308014,95.3
2026-05-25 00:00:00,Techcombank,Thanh toán,6394,6258,136,897170,97.9
2026-05-25 00:00:00,Techcombank,Nạp Tiền,2364,2302,62,496860,97.4
2026-05-25 00:00:00,Techcombank,Rút tiền,1522,1486,36,551997,97.6
2026-05-25 00:00:00,Techcombank,Chuyển tiền,1370,1333,37,1202647,97.3
2026-05-25 00:00:00,MB Bank,Thanh toán,5719,5673,46,879676,99.2
2026-05-25 00:00:00,MB Bank,Nạp Tiền,2037,1995,42,404867,97.9
2026-05-25 00:00:00,MB Bank,Rút tiền,1435,1399,36,479615,97.5
2026-05-25 00:00:00,MB Bank,Chuyển tiền,1190,1156,34,870925,97.1
2026-05-25 00:00:00,VietinBank,Thanh toán,5102,4799,303,697477,94.1
2026-05-25 00:00:00,VietinBank,Nạp Tiền,1830,1701,129,392663,93.0
2026-05-25 00:00:00,VietinBank,Rút tiền,1117,1056,61,391502,94.5
2026-05-25 00:00:00,VietinBank,Chuyển tiền,1129,1061,68,985252,94.0
2026-05-25 00:00:00,BIDV,Thanh toán,4217,4012,205,671744,95.1
2026-05-25 00:00:00,BIDV,Nạp Tiền,1614,1530,84,321226,94.8
2026-05-25 00:00:00,BIDV,Rút tiền,1025,991,34,355200,96.7
2026-05-25 00:00:00,BIDV,Chuyển tiền,998,961,37,732025,96.3
2026-05-25 00:00:00,VPBank,Thanh toán,3971,3761,210,620383,94.7
2026-05-25 00:00:00,VPBank,Nạp Tiền,1492,1435,57,304953,96.2
2026-05-25 00:00:00,VPBank,Rút tiền,990,948,42,331454,95.8
2026-05-25 00:00:00,VPBank,Chuyển tiền,932,899,33,772277,96.5
2026-05-25 00:00:00,ACB,Thanh toán,3469,3412,57,535680,98.4
2026-05-25 00:00:00,ACB,Nạp Tiền,1258,1220,38,254516,97.0
2026-05-25 00:00:00,ACB,Rút tiền,905,877,28,330923,96.9
2026-05-25 00:00:00,ACB,Chuyển tiền,784,757,27,637578,96.6
2026-05-25 00:00:00,Sacombank,Thanh toán,2121,2020,101,306075,95.2
2026-05-25 00:00:00,Sacombank,Nạp Tiền,846,786,60,176266,92.9
2026-05-25 00:00:00,Sacombank,Rút tiền,494,462,32,168635,93.5
2026-05-25 00:00:00,Sacombank,Chuyển tiền,490,463,27,405337,94.5
2026-05-25 00:00:00,TPBank,Thanh toán,2015,1948,67,312554,96.7
2026-05-25 00:00:00,TPBank,Nạp Tiền,700,682,18,136152,97.4
2026-05-25 00:00:00,TPBank,Rút tiền,436,433,3,147769,99.3
2026-05-25 00:00:00,TPBank,Chuyển tiền,443,427,16,389838,96.4
2026-05-25 00:00:00,Agribank,Thanh toán,1406,1318,88,225427,93.7
2026-05-25 00:00:00,Agribank,Nạp Tiền,509,484,25,102609,95.1
2026-05-25 00:00:00,Agribank,Rút tiền,370,356,14,117527,96.2
2026-05-25 00:00:00,Agribank,Chuyển tiền,320,306,14,262043,95.6
2026-05-26 00:00:00,Vietcombank,Thanh toán,8813,8498,315,1232651,96.4
2026-05-26 00:00:00,Vietcombank,Nạp Tiền,3185,3102,83,652891,97.4
2026-05-26 00:00:00,Vietcombank,Rút tiền,1878,1830,48,597313,97.4
2026-05-26 00:00:00,Vietcombank,Chuyển tiền,1842,1784,58,1396244,96.9
2026-05-26 00:00:00,Techcombank,Thanh toán,6071,5933,138,956618,97.7
2026-05-26 00:00:00,Techcombank,Nạp Tiền,2272,2195,77,430695,96.6
2026-05-26 00:00:00,Techcombank,Rút tiền,1535,1508,27,580657,98.2
2026-05-26 00:00:00,Techcombank,Chuyển tiền,1275,1230,45,1111214,96.5
2026-05-26 00:00:00,MB Bank,Thanh toán,5840,5722,118,837766,98.0
2026-05-26 00:00:00,MB Bank,Nạp Tiền,2155,2114,41,423988,98.1
2026-05-26 00:00:00,MB Bank,Rút tiền,1315,1303,12,487980,99.1
2026-05-26 00:00:00,MB Bank,Chuyển tiền,1211,1195,16,882030,98.7
2026-05-26 00:00:00,VietinBank,Thanh toán,5122,4882,240,776680,95.3
2026-05-26 00:00:00,VietinBank,Nạp Tiền,1736,1646,90,348304,94.8
2026-05-26 00:00:00,VietinBank,Rút tiền,1125,1052,73,414470,93.5
2026-05-26 00:00:00,VietinBank,Chuyển tiền,1080,1010,70,866307,93.5
2026-05-26 00:00:00,BIDV,Thanh toán,4622,4348,274,750220,94.1
2026-05-26 00:00:00,BIDV,Nạp Tiền,1748,1686,62,379698,96.5
2026-05-26 00:00:00,BIDV,Rút tiền,1093,1027,66,382703,94.0
2026-05-26 00:00:00,BIDV,Chuyển tiền,971,917,54,711798,94.4
2026-05-26 00:00:00,VPBank,Thanh toán,4024,3810,214,655609,94.7
2026-05-26 00:00:00,VPBank,Nạp Tiền,1594,1542,52,308298,96.7
2026-05-26 00:00:00,VPBank,Rút tiền,934,887,47,312966,95.0
2026-05-26 00:00:00,VPBank,Chuyển tiền,948,912,36,703612,96.2
2026-05-26 00:00:00,ACB,Thanh toán,3896,3793,103,526573,97.4
2026-05-26 00:00:00,ACB,Nạp Tiền,1262,1212,50,238046,96.0
2026-05-26 00:00:00,ACB,Rút tiền,845,825,20,309190,97.6
2026-05-26 00:00:00,ACB,Chuyển tiền,854,818,36,654246,95.8
2026-05-26 00:00:00,Sacombank,Thanh toán,2203,2046,157,313163,92.9
2026-05-26 00:00:00,Sacombank,Nạp Tiền,863,800,63,184222,92.7
2026-05-26 00:00:00,Sacombank,Rút tiền,547,516,31,172934,94.3
2026-05-26 00:00:00,Sacombank,Chuyển tiền,513,481,32,428338,93.8
2026-05-26 00:00:00,TPBank,Thanh toán,1895,1851,44,290776,97.7
2026-05-26 00:00:00,TPBank,Nạp Tiền,665,652,13,124682,98.0
2026-05-26 00:00:00,TPBank,Rút tiền,423,414,9,143922,97.9
2026-05-26 00:00:00,TPBank,Chuyển tiền,445,437,8,356542,98.2
2026-05-26 00:00:00,Agribank,Thanh toán,1372,1299,73,204570,94.7
2026-05-26 00:00:00,Agribank,Nạp Tiền,578,547,31,112670,94.6
2026-05-26 00:00:00,Agribank,Rút tiền,370,346,24,136972,93.5
2026-05-26 00:00:00,Agribank,Chuyển tiền,321,301,20,264868,93.8
2026-05-27 00:00:00,Vietcombank,Thanh toán,7802,7616,186,1225347,97.6
2026-05-27 00:00:00,Vietcombank,Nạp Tiền,2930,2804,126,568689,95.7
2026-05-27 00:00:00,Vietcombank,Rút tiền,1967,1923,44,643713,97.8
2026-05-27 00:00:00,Vietcombank,Chuyển tiền,1893,1850,43,1507897,97.7
2026-05-27 00:00:00,Techcombank,Thanh toán,5803,5706,97,794390,98.3
2026-05-27 00:00:00,Techcombank,Nạp Tiền,2277,2186,91,428220,96.0
2026-05-27 00:00:00,Techcombank,Rút tiền,1530,1476,54,486438,96.5
2026-05-27 00:00:00,Techcombank,Chuyển tiền,1305,1265,40,1146128,96.9
2026-05-27 00:00:00,MB Bank,Thanh toán,5945,5827,118,809106,98.0
2026-05-27 00:00:00,MB Bank,Nạp Tiền,2291,2226,65,445093,97.2
2026-05-27 00:00:00,MB Bank,Rút tiền,1473,1425,48,531607,96.7
2026-05-27 00:00:00,MB Bank,Chuyển tiền,1245,1201,44,969709,96.5
2026-05-27 00:00:00,VietinBank,Thanh toán,5039,4784,255,815507,94.9
2026-05-27 00:00:00,VietinBank,Nạp Tiền,1881,1763,118,352636,93.7
2026-05-27 00:00:00,VietinBank,Rút tiền,1271,1197,74,482600,94.2
2026-05-27 00:00:00,VietinBank,Chuyển tiền,1143,1063,80,838067,93.0
2026-05-27 00:00:00,BIDV,Thanh toán,4609,4334,275,705516,94.0
2026-05-27 00:00:00,BIDV,Nạp Tiền,1610,1537,73,310486,95.5
2026-05-27 00:00:00,BIDV,Rút tiền,1007,954,53,338044,94.7
2026-05-27 00:00:00,BIDV,Chuyển tiền,1025,975,50,807883,95.1
2026-05-27 00:00:00,VPBank,Thanh toán,4249,4064,185,579014,95.6
2026-05-27 00:00:00,VPBank,Nạp Tiền,1602,1559,43,327759,97.3
2026-05-27 00:00:00,VPBank,Rút tiền,1008,962,46,386670,95.4
2026-05-27 00:00:00,VPBank,Chuyển tiền,842,794,48,692125,94.3
2026-05-27 00:00:00,ACB,Thanh toán,3788,3695,93,596598,97.5
2026-05-27 00:00:00,ACB,Nạp Tiền,1282,1267,15,238081,98.8
2026-05-27 00:00:00,ACB,Rút tiền,919,883,36,293810,96.1
2026-05-27 00:00:00,ACB,Chuyển tiền,839,810,29,731536,96.5
2026-05-27 00:00:00,Sacombank,Thanh toán,2065,1948,117,320842,94.3
2026-05-27 00:00:00,Sacombank,Nạp Tiền,840,786,54,176839,93.6
2026-05-27 00:00:00,Sacombank,Rút tiền,557,518,39,189762,93.0
2026-05-27 00:00:00,Sacombank,Chuyển tiền,488,458,30,370849,93.9
2026-05-27 00:00:00,TPBank,Thanh toán,1804,1740,64,253608,96.5
2026-05-27 00:00:00,TPBank,Nạp Tiền,701,684,17,141929,97.6
2026-05-27 00:00:00,TPBank,Rút tiền,446,440,6,162470,98.7
2026-05-27 00:00:00,TPBank,Chuyển tiền,408,403,5,312402,98.8
2026-05-27 00:00:00,Agribank,Thanh toán,1601,1545,56,225749,96.5
2026-05-27 00:00:00,Agribank,Nạp Tiền,514,494,20,101813,96.1
2026-05-27 00:00:00,Agribank,Rút tiền,368,349,19,118181,94.8
2026-05-27 00:00:00,Agribank,Chuyển tiền,342,328,14,300225,95.9
2026-05-28 00:00:00,Vietcombank,Thanh toán,8301,8088,213,1257600,97.4
2026-05-28 00:00:00,Vietcombank,Nạp Tiền,2908,2849,59,622470,98.0
2026-05-28 00:00:00,Vietcombank,Rút tiền,1883,1839,44,660204,97.7
2026-05-28 00:00:00,Vietcombank,Chuyển tiền,1718,1679,39,1454683,97.7
2026-05-28 00:00:00,Techcombank,Thanh toán,5859,5758,101,795584,98.3
2026-05-28 00:00:00,Techcombank,Nạp Tiền,2326,2271,55,462167,97.6
2026-05-28 00:00:00,Techcombank,Rút tiền,1469,1414,55,553662,96.3
2026-05-28 00:00:00,Techcombank,Chuyển tiền,1242,1196,46,1092879,96.3
2026-05-28 00:00:00,MB Bank,Thanh toán,6125,6005,120,902358,98.0
2026-05-28 00:00:00,MB Bank,Nạp Tiền,2169,2149,20,396818,99.1
2026-05-28 00:00:00,MB Bank,Rút tiền,1355,1335,20,469505,98.5
2026-05-28 00:00:00,MB Bank,Chuyển tiền,1350,1318,32,999720,97.6
2026-05-28 00:00:00,VietinBank,Thanh toán,5428,5122,306,828495,94.4
2026-05-28 00:00:00,VietinBank,Nạp Tiền,1750,1645,105,378749,94.0
2026-05-28 00:00:00,VietinBank,Rút tiền,1108,1055,53,389204,95.2
2026-05-28 00:00:00,VietinBank,Chuyển tiền,1088,1009,79,839528,92.7
2026-05-28 00:00:00,BIDV,Thanh toán,4405,4019,386,719015,91.2
2026-05-28 00:00:00,BIDV,Nạp Tiền,1663,1542,121,316010,92.7
2026-05-28 00:00:00,BIDV,Rút tiền,1149,1069,80,384009,93.0
2026-05-28 00:00:00,BIDV,Chuyển tiền,988,904,84,726129,91.5
2026-05-28 00:00:00,VPBank,Thanh toán,4451,4233,218,726617,95.1
2026-05-28 00:00:00,VPBank,Nạp Tiền,1419,1350,69,290865,95.1
2026-05-28 00:00:00,VPBank,Rút tiền,1051,1005,46,399038,95.6
2026-05-28 00:00:00,VPBank,Chuyển tiền,838,809,29,607164,96.5
2026-05-28 00:00:00,ACB,Thanh toán,3462,3422,40,547448,98.8
2026-05-28 00:00:00,ACB,Nạp Tiền,1309,1282,27,275777,97.9
2026-05-28 00:00:00,ACB,Rút tiền,913,893,20,289530,97.8
2026-05-28 00:00:00,ACB,Chuyển tiền,820,799,21,630034,97.4
2026-05-28 00:00:00,Sacombank,Thanh toán,2174,2063,111,338165,94.9
2026-05-28 00:00:00,Sacombank,Nạp Tiền,822,772,50,170601,93.9
2026-05-28 00:00:00,Sacombank,Rút tiền,504,473,31,175844,93.8
2026-05-28 00:00:00,Sacombank,Chuyển tiền,474,441,33,352175,93.0
2026-05-28 00:00:00,TPBank,Thanh toán,1909,1882,27,307011,98.6
2026-05-28 00:00:00,TPBank,Nạp Tiền,686,664,22,133647,96.8
2026-05-28 00:00:00,TPBank,Rút tiền,426,415,11,148100,97.4
2026-05-28 00:00:00,TPBank,Chuyển tiền,415,404,11,308154,97.3
2026-05-28 00:00:00,Agribank,Thanh toán,1379,1301,78,202057,94.3
2026-05-28 00:00:00,Agribank,Nạp Tiền,575,545,30,125641,94.8
2026-05-28 00:00:00,Agribank,Rút tiền,333,319,14,126660,95.8
2026-05-28 00:00:00,Agribank,Chuyển tiền,345,324,21,290524,93.9
2026-05-29 00:00:00,Vietcombank,Thanh toán,8610,8463,147,1282928,98.3
2026-05-29 00:00:00,Vietcombank,Nạp Tiền,3210,3089,121,580775,96.2
2026-05-29 00:00:00,Vietcombank,Rút tiền,1995,1931,64,763422,96.8
2026-05-29 00:00:00,Vietcombank,Chuyển tiền,1766,1705,61,1285268,96.5
2026-05-29 00:00:00,Techcombank,Thanh toán,5905,5751,154,953481,97.4
2026-05-29 00:00:00,Techcombank,Nạp Tiền,2377,2328,49,455028,97.9
2026-05-29 00:00:00,Techcombank,Rút tiền,1330,1309,21,459069,98.4
2026-05-29 00:00:00,Techcombank,Chuyển tiền,1293,1262,31,1088986,97.6
2026-05-29 00:00:00,MB Bank,Thanh toán,5763,5575,188,786849,96.7
2026-05-29 00:00:00,MB Bank,Nạp Tiền,2247,2184,63,454183,97.2
2026-05-29 00:00:00,MB Bank,Rút tiền,1292,1263,29,447710,97.8
2026-05-29 00:00:00,MB Bank,Chuyển tiền,1316,1276,40,1155782,97.0
2026-05-29 00:00:00,VietinBank,Thanh toán,5326,5035,291,739567,94.5
2026-05-29 00:00:00,VietinBank,Nạp Tiền,1733,1627,106,367042,93.9
2026-05-29 00:00:00,VietinBank,Rút tiền,1180,1114,66,401899,94.4
2026-05-29 00:00:00,VietinBank,Chuyển tiền,1047,972,75,839128,92.8
2026-05-29 00:00:00,BIDV,Thanh toán,4687,4233,454,638216,90.3
2026-05-29 00:00:00,BIDV,Nạp Tiền,1688,1563,125,338905,92.6
2026-05-29 00:00:00,BIDV,Rút tiền,1025,943,82,359862,92.0
2026-05-29 00:00:00,BIDV,Chuyển tiền,994,919,75,766339,92.5
2026-05-29 00:00:00,VPBank,Thanh toán,4197,4095,102,659682,97.6
2026-05-29 00:00:00,VPBank,Nạp Tiền,1456,1403,53,291626,96.4
2026-05-29 00:00:00,VPBank,Rút tiền,1027,988,39,374456,96.2
2026-05-29 00:00:00,VPBank,Chuyển tiền,904,864,40,653286,95.6
2026-05-29 00:00:00,ACB,Thanh toán,3755,3681,74,617310,98.0
2026-05-29 00:00:00,ACB,Nạp Tiền,1391,1348,43,300387,96.9
2026-05-29 00:00:00,ACB,Rút tiền,813,795,18,271206,97.8
2026-05-29 00:00:00,ACB,Chuyển tiền,804,785,19,653944,97.6
2026-05-29 00:00:00,Sacombank,Thanh toán,2136,2009,127,334573,94.1
2026-05-29 00:00:00,Sacombank,Nạp Tiền,843,784,59,174694,93.0
2026-05-29 00:00:00,Sacombank,Rút tiền,488,460,28,177649,94.3
2026-05-29 00:00:00,Sacombank,Chuyển tiền,472,435,37,363530,92.2
2026-05-29 00:00:00,TPBank,Thanh toán,1823,1780,43,257255,97.6
2026-05-29 00:00:00,TPBank,Nạp Tiền,699,690,9,151557,98.7
2026-05-29 00:00:00,TPBank,Rút tiền,420,414,6,147549,98.6
2026-05-29 00:00:00,TPBank,Chuyển tiền,422,417,5,336139,98.8
2026-05-29 00:00:00,Agribank,Thanh toán,1463,1382,81,205105,94.5
2026-05-29 00:00:00,Agribank,Nạp Tiền,565,534,31,109706,94.5
2026-05-29 00:00:00,Agribank,Rút tiền,372,358,14,134906,96.2
2026-05-29 00:00:00,Agribank,Chuyển tiền,343,322,21,273531,93.9
2026-05-30 00:00:00,Vietcombank,Thanh toán,5186,4986,200,746550,96.1
2026-05-30 00:00:00,Vietcombank,Nạp Tiền,1946,1900,46,405149,97.6
2026-05-30 00:00:00,Vietcombank,Rút tiền,1342,1307,35,452512,97.4
2026-05-30 00:00:00,Vietcombank,Chuyển tiền,1166,1125,41,1013857,96.5
2026-05-30 00:00:00,Techcombank,Thanh toán,3931,3804,127,598315,96.8
2026-05-30 00:00:00,Techcombank,Nạp Tiền,1467,1424,43,321575,97.1
2026-05-30 00:00:00,Techcombank,Rút tiền,951,939,12,353128,98.7
2026-05-30 00:00:00,Techcombank,Chuyển tiền,870,831,39,759379,95.5
2026-05-30 00:00:00,MB Bank,Thanh toán,3583,3498,85,531256,97.6
2026-05-30 00:00:00,MB Bank,Nạp Tiền,1339,1323,16,252481,98.8
2026-05-30 00:00:00,MB Bank,Rút tiền,965,940,25,341939,97.4
2026-05-30 00:00:00,MB Bank,Chuyển tiền,833,804,29,681817,96.5
2026-05-30 00:00:00,VietinBank,Thanh toán,3255,3041,214,504834,93.4
2026-05-30 00:00:00,VietinBank,Nạp Tiền,1229,1148,81,232666,93.4
2026-05-30 00:00:00,VietinBank,Rút tiền,724,680,44,264415,93.9
2026-05-30 00:00:00,VietinBank,Chuyển tiền,668,630,38,495652,94.3
2026-05-30 00:00:00,BIDV,Thanh toán,2995,2789,206,418516,93.1
2026-05-30 00:00:00,BIDV,Nạp Tiền,1154,1073,81,248266,93.0
2026-05-30 00:00:00,BIDV,Rút tiền,703,648,55,258643,92.2
2026-05-30 00:00:00,BIDV,Chuyển tiền,628,569,59,517059,90.6
2026-05-30 00:00:00,VPBank,Thanh toán,2860,2713,147,435360,94.9
2026-05-30 00:00:00,VPBank,Nạp Tiền,1033,1000,33,221075,96.8
2026-05-30 00:00:00,VPBank,Rút tiền,587,571,16,192098,97.3
2026-05-30 00:00:00,VPBank,Chuyển tiền,561,544,17,407181,97.0
2026-05-30 00:00:00,ACB,Thanh toán,2423,2383,40,340647,98.3
2026-05-30 00:00:00,ACB,Nạp Tiền,881,869,12,158906,98.6
2026-05-30 00:00:00,ACB,Rút tiền,597,584,13,226855,97.8
2026-05-30 00:00:00,ACB,Chuyển tiền,526,507,19,461962,96.4
2026-05-30 00:00:00,Sacombank,Thanh toán,1471,1384,87,237828,94.1
2026-05-30 00:00:00,Sacombank,Nạp Tiền,501,476,25,99559,95.0
2026-05-30 00:00:00,Sacombank,Rút tiền,327,310,17,110574,94.8
2026-05-30 00:00:00,Sacombank,Chuyển tiền,336,314,22,255750,93.5
2026-05-30 00:00:00,TPBank,Thanh toán,1182,1140,42,171523,96.4
2026-05-30 00:00:00,TPBank,Nạp Tiền,450,441,9,94631,98.0
2026-05-30 00:00:00,TPBank,Rút tiền,279,274,5,100359,98.2
2026-05-30 00:00:00,TPBank,Chuyển tiền,273,269,4,219067,98.5
2026-05-30 00:00:00,Agribank,Thanh toán,910,862,48,125454,94.7
2026-05-30 00:00:00,Agribank,Nạp Tiền,331,314,17,71970,94.9
2026-05-30 00:00:00,Agribank,Rút tiền,210,198,12,69612,94.3
2026-05-30 00:00:00,Agribank,Chuyển tiền,211,202,9,162113,95.7
2026-05-31 00:00:00,Vietcombank,Thanh toán,5674,5505,169,810511,97.0
2026-05-31 00:00:00,Vietcombank,Nạp Tiền,1978,1926,52,360955,97.4
2026-05-31 00:00:00,Vietcombank,Rút tiền,1196,1156,40,390111,96.7
2026-05-31 00:00:00,Vietcombank,Chuyển tiền,1252,1206,46,1080750,96.3
2026-05-31 00:00:00,Techcombank,Thanh toán,3969,3888,81,611866,98.0
2026-05-31 00:00:00,Techcombank,Nạp Tiền,1403,1361,42,264934,97.0
2026-05-31 00:00:00,Techcombank,Rút tiền,897,873,24,311123,97.3
2026-05-31 00:00:00,Techcombank,Chuyển tiền,891,861,30,719818,96.6
2026-05-31 00:00:00,MB Bank,Thanh toán,3985,3940,45,633853,98.9
2026-05-31 00:00:00,MB Bank,Nạp Tiền,1485,1444,41,281999,97.2
2026-05-31 00:00:00,MB Bank,Rút tiền,848,833,15,298472,98.2
2026-05-31 00:00:00,MB Bank,Chuyển tiền,856,825,31,693588,96.4
2026-05-31 00:00:00,VietinBank,Thanh toán,3073,2925,148,498092,95.2
2026-05-31 00:00:00,VietinBank,Nạp Tiền,1145,1081,64,212963,94.4
2026-05-31 00:00:00,VietinBank,Rút tiền,753,717,36,260484,95.2
2026-05-31 00:00:00,VietinBank,Chuyển tiền,743,690,53,604284,92.9
2026-05-31 00:00:00,BIDV,Thanh toán,2760,2564,196,409485,92.9
2026-05-31 00:00:00,BIDV,Nạp Tiền,1001,917,84,200730,91.6
2026-05-31 00:00:00,BIDV,Rút tiền,700,643,57,247881,91.9
2026-05-31 00:00:00,BIDV,Chuyển tiền,678,625,53,566621,92.2
2026-05-31 00:00:00,VPBank,Thanh toán,2669,2545,124,360556,95.4
2026-05-31 00:00:00,VPBank,Nạp Tiền,952,917,35,173084,96.3
2026-05-31 00:00:00,VPBank,Rút tiền,627,606,21,221256,96.7
2026-05-31 00:00:00,VPBank,Chuyển tiền,546,529,17,399149,96.9
2026-05-31 00:00:00,ACB,Thanh toán,2461,2365,96,362421,96.1
2026-05-31 00:00:00,ACB,Nạp Tiền,841,827,14,184291,98.3
2026-05-31 00:00:00,ACB,Rút tiền,607,600,7,207115,98.8
2026-05-31 00:00:00,ACB,Chuyển tiền,532,515,17,461104,96.8
2026-05-31 00:00:00,Sacombank,Thanh toán,1428,1337,91,222028,93.6
2026-05-31 00:00:00,Sacombank,Nạp Tiền,568,540,28,105261,95.1
2026-05-31 00:00:00,Sacombank,Rút tiền,337,313,24,129576,92.9
2026-05-31 00:00:00,Sacombank,Chuyển tiền,315,295,20,263484,93.7
2026-05-31 00:00:00,TPBank,Thanh toán,1192,1179,13,187960,98.9
2026-05-31 00:00:00,TPBank,Nạp Tiền,451,441,10,94152,97.8
2026-05-31 00:00:00,TPBank,Rút tiền,295,289,6,109927,98.0
2026-05-31 00:00:00,TPBank,Chuyển tiền,263,256,7,195887,97.3
2026-05-31 00:00:00,Agribank,Thanh toán,936,901,35,146718,96.3
2026-05-31 00:00:00,Agribank,Nạp Tiền,330,309,21,68114,93.6
2026-05-31 00:00:00,Agribank,Rút tiền,211,199,12,67458,94.3
2026-05-31 00:00:00,Agribank,Chuyển tiền,196,185,11,162194,94.4
2026-06-01 00:00:00,Vietcombank,Thanh toán,7689,7384,305,1048219,96.0
2026-06-01 00:00:00,Vietcombank,Nạp Tiền,2984,2865,119,563053,96.0
2026-06-01 00:00:00,Vietcombank,Rút tiền,1822,1744,78,700638,95.7
2026-06-01 00:00:00,Vietcombank,Chuyển tiền,1775,1726,49,1485750,97.2
2026-06-01 00:00:00,Techcombank,Thanh toán,5943,5802,141,940040,97.6
2026-06-01 00:00:00,Techcombank,Nạp Tiền,2207,2132,75,474616,96.6
2026-06-01 00:00:00,Techcombank,Rút tiền,1497,1459,38,514891,97.5
2026-06-01 00:00:00,Techcombank,Chuyển tiền,1296,1239,57,1129805,95.6
2026-06-01 00:00:00,MB Bank,Thanh toán,6289,6214,75,882057,98.8
2026-06-01 00:00:00,MB Bank,Nạp Tiền,2178,2140,38,396124,98.3
2026-06-01 00:00:00,MB Bank,Rút tiền,1362,1354,8,493035,99.4
2026-06-01 00:00:00,MB Bank,Chuyển tiền,1377,1345,32,1144850,97.7
2026-06-01 00:00:00,VietinBank,Thanh toán,5048,4702,346,738491,93.1
2026-06-01 00:00:00,VietinBank,Nạp Tiền,1959,1844,115,419174,94.1
2026-06-01 00:00:00,VietinBank,Rút tiền,1170,1115,55,380372,95.3
2026-06-01 00:00:00,VietinBank,Chuyển tiền,1129,1072,57,914469,95.0
2026-06-01 00:00:00,BIDV,Thanh toán,4601,4227,374,639643,91.9
2026-06-01 00:00:00,BIDV,Nạp Tiền,1642,1494,148,317251,91.0
2026-06-01 00:00:00,BIDV,Rút tiền,1007,936,71,376919,92.9
2026-06-01 00:00:00,BIDV,Chuyển tiền,934,853,81,796426,91.3
2026-06-01 00:00:00,VPBank,Thanh toán,3847,3670,177,597093,95.4
2026-06-01 00:00:00,VPBank,Nạp Tiền,1534,1453,81,280586,94.7
2026-06-01 00:00:00,VPBank,Rút tiền,1047,1013,34,370763,96.8
2026-06-01 00:00:00,VPBank,Chuyển tiền,950,900,50,821868,94.7
2026-06-01 00:00:00,ACB,Thanh toán,3726,3684,42,504724,98.9
2026-06-01 00:00:00,ACB,Nạp Tiền,1290,1276,14,238253,98.9
2026-06-01 00:00:00,ACB,Rút tiền,929,917,12,337871,98.7
2026-06-01 00:00:00,ACB,Chuyển tiền,798,772,26,605117,96.7
2026-06-01 00:00:00,Sacombank,Thanh toán,2213,2099,114,324027,94.8
2026-06-01 00:00:00,Sacombank,Nạp Tiền,837,782,55,162700,93.4
2026-06-01 00:00:00,Sacombank,Rút tiền,547,514,33,203044,94.0
2026-06-01 00:00:00,Sacombank,Chuyển tiền,508,479,29,391788,94.3
2026-06-01 00:00:00,TPBank,Thanh toán,1850,1804,46,272723,97.5
2026-06-01 00:00:00,TPBank,Nạp Tiền,707,700,7,148222,99.0
2026-06-01 00:00:00,TPBank,Rút tiền,415,403,12,157879,97.1
2026-06-01 00:00:00,TPBank,Chuyển tiền,434,420,14,326103,96.8
2026-06-01 00:00:00,Agribank,Thanh toán,1425,1349,76,228001,94.7
2026-06-01 00:00:00,Agribank,Nạp Tiền,560,533,27,121933,95.2
2026-06-01 00:00:00,Agribank,Rút tiền,344,324,20,128143,94.2
2026-06-01 00:00:00,Agribank,Chuyển tiền,345,327,18,275480,94.8
2026-06-02 00:00:00,Vietcombank,Thanh toán,7934,7736,198,1154914,97.5
2026-06-02 00:00:00,Vietcombank,Nạp Tiền,2831,2759,72,564876,97.5
2026-06-02 00:00:00,Vietcombank,Rút tiền,2071,2035,36,791135,98.3
2026-06-02 00:00:00,Vietcombank,Chuyển tiền,1924,1826,98,1645927,94.9
2026-06-02 00:00:00,Techcombank,Thanh toán,6584,6476,108,898422,98.4
2026-06-02 00:00:00,Techcombank,Nạp Tiền,2046,1987,59,437233,97.1
2026-06-02 00:00:00,Techcombank,Rút tiền,1387,1333,54,451568,96.1
2026-06-02 00:00:00,Techcombank,Chuyển tiền,1281,1242,39,998811,97.0
2026-06-02 00:00:00,MB Bank,Thanh toán,6021,5931,90,981526,98.5
2026-06-02 00:00:00,MB Bank,Nạp Tiền,2207,2176,31,398648,98.6
2026-06-02 00:00:00,MB Bank,Rút tiền,1410,1385,25,445319,98.2
2026-06-02 00:00:00,MB Bank,Chuyển tiền,1311,1288,23,1056296,98.2
2026-06-02 00:00:00,VietinBank,Thanh toán,4923,4566,357,784700,92.7
2026-06-02 00:00:00,VietinBank,Nạp Tiền,1904,1811,93,412008,95.1
2026-06-02 00:00:00,VietinBank,Rút tiền,1121,1070,51,394263,95.5
2026-06-02 00:00:00,VietinBank,Chuyển tiền,1072,995,77,862137,92.8
2026-06-02 00:00:00,BIDV,Thanh toán,4537,4129,408,666516,91.0
2026-06-02 00:00:00,BIDV,Nạp Tiền,1709,1591,118,338997,93.1
2026-06-02 00:00:00,BIDV,Rút tiền,1049,977,72,347019,93.1
2026-06-02 00:00:00,BIDV,Chuyển tiền,931,853,78,798160,91.6
2026-06-02 00:00:00,VPBank,Thanh toán,3827,3631,196,560188,94.9
2026-06-02 00:00:00,VPBank,Nạp Tiền,1521,1461,60,312519,96.1
2026-06-02 00:00:00,VPBank,Rút tiền,940,892,48,351722,94.9
2026-06-02 00:00:00,VPBank,Chuyển tiền,912,874,38,781833,95.8
2026-06-02 00:00:00,ACB,Thanh toán,3513,3467,46,571124,98.7
2026-06-02 00:00:00,ACB,Nạp Tiền,1300,1256,44,279142,96.6
2026-06-02 00:00:00,ACB,Rút tiền,928,898,30,352353,96.8
2026-06-02 00:00:00,ACB,Chuyển tiền,817,802,15,661902,98.2
2026-06-02 00:00:00,Sacombank,Thanh toán,2065,1921,144,331458,93.0
2026-06-02 00:00:00,Sacombank,Nạp Tiền,750,715,35,152611,95.3
2026-06-02 00:00:00,Sacombank,Rút tiền,534,509,25,179396,95.3
2026-06-02 00:00:00,Sacombank,Chuyển tiền,520,482,38,443842,92.7
2026-06-02 00:00:00,TPBank,Thanh toán,1945,1914,31,294116,98.4
2026-06-02 00:00:00,TPBank,Nạp Tiền,684,675,9,126949,98.7
2026-06-02 00:00:00,TPBank,Rút tiền,423,414,9,162094,97.9
2026-06-02 00:00:00,TPBank,Chuyển tiền,387,372,15,293014,96.1
2026-06-02 00:00:00,Agribank,Thanh toán,1386,1310,76,219085,94.5
2026-06-02 00:00:00,Agribank,Nạp Tiền,573,543,30,120869,94.8
2026-06-02 00:00:00,Agribank,Rút tiền,324,309,15,119830,95.4
2026-06-02 00:00:00,Agribank,Chuyển tiền,327,309,18,254056,94.5
2026-06-03 00:00:00,Vietcombank,Thanh toán,8358,8073,285,1298756,96.6
2026-06-03 00:00:00,Vietcombank,Nạp Tiền,3098,2988,110,653326,96.4
2026-06-03 00:00:00,Vietcombank,Rút tiền,1945,1900,45,709764,97.7
2026-06-03 00:00:00,Vietcombank,Chuyển tiền,1698,1623,75,1325798,95.6
2026-06-03 00:00:00,Techcombank,Thanh toán,6419,6278,141,1009000,97.8
2026-06-03 00:00:00,Techcombank,Nạp Tiền,2205,2138,67,404972,97.0
2026-06-03 00:00:00,Techcombank,Rút tiền,1406,1367,39,517821,97.2
2026-06-03 00:00:00,Techcombank,Chuyển tiền,1252,1199,53,938978,95.8
2026-06-03 00:00:00,MB Bank,Thanh toán,5848,5747,101,879382,98.3
2026-06-03 00:00:00,MB Bank,Nạp Tiền,2012,1945,67,390643,96.7
2026-06-03 00:00:00,MB Bank,Rút tiền,1297,1276,21,479774,98.4
2026-06-03 00:00:00,MB Bank,Chuyển tiền,1274,1225,49,1001631,96.2
2026-06-03 00:00:00,VietinBank,Thanh toán,5427,5045,382,879358,93.0
2026-06-03 00:00:00,VietinBank,Nạp Tiền,1808,1707,101,337704,94.4
2026-06-03 00:00:00,VietinBank,Rút tiền,1191,1110,81,397584,93.2
2026-06-03 00:00:00,VietinBank,Chuyển tiền,1079,1011,68,787802,93.7
2026-06-03 00:00:00,BIDV,Thanh toán,4620,4372,248,665245,94.6
2026-06-03 00:00:00,BIDV,Nạp Tiền,1557,1477,80,339066,94.9
2026-06-03 00:00:00,BIDV,Rút tiền,1147,1093,54,410817,95.3
2026-06-03 00:00:00,BIDV,Chuyển tiền,1028,962,66,790270,93.6
2026-06-03 00:00:00,VPBank,Thanh toán,4200,4015,185,645144,95.6
2026-06-03 00:00:00,VPBank,Nạp Tiền,1585,1540,45,313210,97.2
2026-06-03 00:00:00,VPBank,Rút tiền,1007,977,30,377791,97.0
2026-06-03 00:00:00,VPBank,Chuyển tiền,862,819,43,703834,95.0
2026-06-03 00:00:00,ACB,Thanh toán,3621,3528,93,508131,97.4
2026-06-03 00:00:00,ACB,Nạp Tiền,1343,1328,15,257396,98.9
2026-06-03 00:00:00,ACB,Rút tiền,932,922,10,344596,98.9
2026-06-03 00:00:00,ACB,Chuyển tiền,829,801,28,705179,96.6
2026-06-03 00:00:00,Sacombank,Thanh toán,2250,2106,144,366664,93.6
2026-06-03 00:00:00,Sacombank,Nạp Tiền,797,751,46,160854,94.2
2026-06-03 00:00:00,Sacombank,Rút tiền,554,513,41,202711,92.6
2026-06-03 00:00:00,Sacombank,Chuyển tiền,474,442,32,363374,93.2
2026-06-03 00:00:00,TPBank,Thanh toán,1781,1761,20,282946,98.9
2026-06-03 00:00:00,TPBank,Nạp Tiền,687,676,11,127484,98.4
2026-06-03 00:00:00,TPBank,Rút tiền,451,438,13,162858,97.1
2026-06-03 00:00:00,TPBank,Chuyển tiền,435,427,8,318347,98.2
2026-06-03 00:00:00,Agribank,Thanh toán,1520,1443,77,223476,94.9
2026-06-03 00:00:00,Agribank,Nạp Tiền,561,540,21,120494,96.3
2026-06-03 00:00:00,Agribank,Rút tiền,349,332,17,129252,95.1
2026-06-03 00:00:00,Agribank,Chuyển tiền,322,306,16,273689,95.0
2026-06-04 00:00:00,Vietcombank,Thanh toán,8806,8561,245,1211260,97.2
2026-06-04 00:00:00,Vietcombank,Nạp Tiền,3153,3028,125,651371,96.0
2026-06-04 00:00:00,Vietcombank,Rút tiền,1879,1827,52,597711,97.2
2026-06-04 00:00:00,Vietcombank,Chuyển tiền,1860,1817,43,1437883,97.7
2026-06-04 00:00:00,Techcombank,Thanh toán,6432,6251,181,870355,97.2
2026-06-04 00:00:00,Techcombank,Nạp Tiền,2175,2100,75,456476,96.6
2026-06-04 00:00:00,Techcombank,Rút tiền,1470,1435,35,522241,97.6
2026-06-04 00:00:00,Techcombank,Chuyển tiền,1340,1293,47,1064080,96.5
2026-06-04 00:00:00,MB Bank,Thanh toán,6084,5985,99,912685,98.4
2026-06-04 00:00:00,MB Bank,Nạp Tiền,2136,2127,9,425727,99.6
2026-06-04 00:00:00,MB Bank,Rút tiền,1349,1320,29,515750,97.9
2026-06-04 00:00:00,MB Bank,Chuyển tiền,1205,1188,17,1008373,98.6
2026-06-04 00:00:00,VietinBank,Thanh toán,4986,4669,317,741218,93.6
2026-06-04 00:00:00,VietinBank,Nạp Tiền,1789,1686,103,346944,94.2
2026-06-04 00:00:00,VietinBank,Rút tiền,1118,1051,67,406698,94.0
2026-06-04 00:00:00,VietinBank,Chuyển tiền,1092,1009,83,794047,92.4
2026-06-04 00:00:00,BIDV,Thanh toán,4292,4029,263,623594,93.9
2026-06-04 00:00:00,BIDV,Nạp Tiền,1573,1507,66,293481,95.8
2026-06-04 00:00:00,BIDV,Rút tiền,1049,1000,49,370961,95.3
2026-06-04 00:00:00,BIDV,Chuyển tiền,995,945,50,868987,95.0
2026-06-04 00:00:00,VPBank,Thanh toán,4032,3911,121,620495,97.0
2026-06-04 00:00:00,VPBank,Nạp Tiền,1427,1377,50,281526,96.5
2026-06-04 00:00:00,VPBank,Rút tiền,904,875,29,340642,96.8
2026-06-04 00:00:00,VPBank,Chuyển tiền,943,904,39,737627,95.9
2026-06-04 00:00:00,ACB,Thanh toán,3635,3512,123,572766,96.6
2026-06-04 00:00:00,ACB,Nạp Tiền,1449,1426,23,294283,98.4
2026-06-04 00:00:00,ACB,Rút tiền,944,912,32,318901,96.6
2026-06-04 00:00:00,ACB,Chuyển tiền,863,827,36,713970,95.8
2026-06-04 00:00:00,Sacombank,Thanh toán,2299,2163,136,354444,94.1
2026-06-04 00:00:00,Sacombank,Nạp Tiền,845,797,48,171940,94.3
2026-06-04 00:00:00,Sacombank,Rút tiền,528,494,34,183242,93.6
2026-06-04 00:00:00,Sacombank,Chuyển tiền,470,444,26,391490,94.5
2026-06-04 00:00:00,TPBank,Thanh toán,1898,1882,16,289834,99.2
2026-06-04 00:00:00,TPBank,Nạp Tiền,721,698,23,133179,96.8
2026-06-04 00:00:00,TPBank,Rút tiền,452,437,15,154191,96.7
2026-06-04 00:00:00,TPBank,Chuyển tiền,399,389,10,313980,97.5
2026-06-04 00:00:00,Agribank,Thanh toán,1402,1335,67,207063,95.2
2026-06-04 00:00:00,Agribank,Nạp Tiền,559,533,26,116125,95.3
2026-06-04 00:00:00,Agribank,Rút tiền,364,351,13,119074,96.4
2026-06-04 00:00:00,Agribank,Chuyển tiền,309,292,17,229416,94.5
2026-06-05 00:00:00,Vietcombank,Thanh toán,8234,8055,179,1264596,97.8
2026-06-05 00:00:00,Vietcombank,Nạp Tiền,3203,3087,116,577767,96.4
2026-06-05 00:00:00,Vietcombank,Rút tiền,1863,1786,77,636915,95.9
2026-06-05 00:00:00,Vietcombank,Chuyển tiền,1943,1871,72,1552836,96.3
2026-06-05 00:00:00,Techcombank,Thanh toán,6318,6152,166,987530,97.4
2026-06-05 00:00:00,Techcombank,Nạp Tiền,2270,2210,60,416106,97.4
2026-06-05 00:00:00,Techcombank,Rút tiền,1335,1312,23,441133,98.3
2026-06-05 00:00:00,Techcombank,Chuyển tiền,1234,1187,47,994625,96.2
2026-06-05 00:00:00,MB Bank,Thanh toán,5561,5502,59,845102,98.9
2026-06-05 00:00:00,MB Bank,Nạp Tiền,2213,2174,39,408361,98.2
2026-06-05 00:00:00,MB Bank,Rút tiền,1303,1269,34,459981,97.4
2026-06-05 00:00:00,MB Bank,Chuyển tiền,1269,1240,29,1067337,97.7
2026-06-05 00:00:00,VietinBank,Thanh toán,5408,5130,278,818720,94.9
2026-06-05 00:00:00,VietinBank,Nạp Tiền,1901,1768,133,405298,93.0
2026-06-05 00:00:00,VietinBank,Rút tiền,1157,1083,74,445389,93.6
2026-06-05 00:00:00,VietinBank,Chuyển tiền,1126,1047,79,966053,93.0
2026-06-05 00:00:00,BIDV,Thanh toán,4264,4056,208,702787,95.1
2026-06-05 00:00:00,BIDV,Nạp Tiền,1639,1548,91,343377,94.4
2026-06-05 00:00:00,BIDV,Rút tiền,1076,1037,39,384904,96.4
2026-06-05 00:00:00,BIDV,Chuyển tiền,1020,957,63,757123,93.8
2026-06-05 00:00:00,VPBank,Thanh toán,4006,3887,119,637607,97.0
2026-06-05 00:00:00,VPBank,Nạp Tiền,1525,1459,66,291646,95.7
2026-06-05 00:00:00,VPBank,Rút tiền,1034,983,51,396570,95.1
2026-06-05 00:00:00,VPBank,Chuyển tiền,902,857,45,688022,95.0
2026-06-05 00:00:00,ACB,Thanh toán,3942,3901,41,612503,99.0
2026-06-05 00:00:00,ACB,Nạp Tiền,1266,1221,45,265864,96.4
2026-06-05 00:00:00,ACB,Rút tiền,912,901,11,350640,98.8
2026-06-05 00:00:00,ACB,Chuyển tiền,778,759,19,576677,97.6
2026-06-05 00:00:00,Sacombank,Thanh toán,2123,2009,114,339371,94.6
2026-06-05 00:00:00,Sacombank,Nạp Tiền,846,795,51,171820,94.0
2026-06-05 00:00:00,Sacombank,Rút tiền,518,489,29,176773,94.4
2026-06-05 00:00:00,Sacombank,Chuyển tiền,457,429,28,393394,93.9
2026-06-05 00:00:00,TPBank,Thanh toán,1793,1750,43,282386,97.6
2026-06-05 00:00:00,TPBank,Nạp Tiền,723,717,6,140813,99.2
2026-06-05 00:00:00,TPBank,Rút tiền,475,463,12,149707,97.5
2026-06-05 00:00:00,TPBank,Chuyển tiền,392,385,7,310993,98.2
2026-06-05 00:00:00,Agribank,Thanh toán,1537,1469,68,246693,95.6
2026-06-05 00:00:00,Agribank,Nạp Tiền,565,535,30,123579,94.7
2026-06-05 00:00:00,Agribank,Rút tiền,375,353,22,125174,94.1
2026-06-05 00:00:00,Agribank,Chuyển tiền,317,298,19,257552,94.0
2026-06-06 00:00:00,Vietcombank,Thanh toán,5513,5395,118,874632,97.9
2026-06-06 00:00:00,Vietcombank,Nạp Tiền,1818,1735,83,372775,95.4
2026-06-06 00:00:00,Vietcombank,Rút tiền,1283,1223,60,487617,95.3
2026-06-06 00:00:00,Vietcombank,Chuyển tiền,1117,1074,43,804360,96.2
2026-06-06 00:00:00,Techcombank,Thanh toán,4089,3946,143,636484,96.5
2026-06-06 00:00:00,Techcombank,Nạp Tiền,1361,1341,20,261413,98.5
2026-06-06 00:00:00,Techcombank,Rút tiền,933,897,36,317435,96.1
2026-06-06 00:00:00,Techcombank,Chuyển tiền,817,789,28,706384,96.6
2026-06-06 00:00:00,MB Bank,Thanh toán,3672,3553,119,564636,96.8
2026-06-06 00:00:00,MB Bank,Nạp Tiền,1459,1440,19,276284,98.7
2026-06-06 00:00:00,MB Bank,Rút tiền,851,840,11,268129,98.7
2026-06-06 00:00:00,MB Bank,Chuyển tiền,886,854,32,722080,96.4
2026-06-06 00:00:00,VietinBank,Thanh toán,3465,3213,252,540082,92.7
2026-06-06 00:00:00,VietinBank,Nạp Tiền,1124,1075,49,221307,95.6
2026-06-06 00:00:00,VietinBank,Rút tiền,728,685,43,240987,94.1
2026-06-06 00:00:00,VietinBank,Chuyển tiền,667,630,37,491171,94.5
2026-06-06 00:00:00,BIDV,Thanh toán,2874,2728,146,413791,94.9
2026-06-06 00:00:00,BIDV,Nạp Tiền,1084,1042,42,227776,96.1
2026-06-06 00:00:00,BIDV,Rút tiền,659,631,28,238821,95.8
2026-06-06 00:00:00,BIDV,Chuyển tiền,600,569,31,432813,94.8
2026-06-06 00:00:00,VPBank,Thanh toán,2799,2662,137,407354,95.1
2026-06-06 00:00:00,VPBank,Nạp Tiền,951,918,33,176938,96.5
2026-06-06 00:00:00,VPBank,Rút tiền,635,612,23,219688,96.4
2026-06-06 00:00:00,VPBank,Chuyển tiền,566,534,32,416618,94.3
2026-06-06 00:00:00,ACB,Thanh toán,2605,2510,95,408725,96.4
2026-06-06 00:00:00,ACB,Nạp Tiền,896,886,10,172551,98.9
2026-06-06 00:00:00,ACB,Rút tiền,542,524,18,195186,96.7
2026-06-06 00:00:00,ACB,Chuyển tiền,515,500,15,420240,97.1
2026-06-06 00:00:00,Sacombank,Thanh toán,1487,1388,99,242735,93.3
2026-06-06 00:00:00,Sacombank,Nạp Tiền,487,463,24,100485,95.1
2026-06-06 00:00:00,Sacombank,Rút tiền,334,311,23,119399,93.1
2026-06-06 00:00:00,Sacombank,Chuyển tiền,302,285,17,231720,94.4
2026-06-06 00:00:00,TPBank,Thanh toán,1148,1134,14,182317,98.8
2026-06-06 00:00:00,TPBank,Nạp Tiền,443,434,9,81737,98.0
2026-06-06 00:00:00,TPBank,Rút tiền,299,294,5,95671,98.3
2026-06-06 00:00:00,TPBank,Chuyển tiền,248,245,3,215618,98.8
2026-06-06 00:00:00,Agribank,Thanh toán,921,872,49,147515,94.7
2026-06-06 00:00:00,Agribank,Nạp Tiền,349,330,19,72353,94.6
2026-06-06 00:00:00,Agribank,Rút tiền,240,231,9,88542,96.2
2026-06-06 00:00:00,Agribank,Chuyển tiền,195,185,10,140830,94.9
2026-06-07 00:00:00,Vietcombank,Thanh toán,5154,4918,236,705139,95.4
2026-06-07 00:00:00,Vietcombank,Nạp Tiền,1997,1933,64,409670,96.8
2026-06-07 00:00:00,Vietcombank,Rút tiền,1294,1263,31,445977,97.6
2026-06-07 00:00:00,Vietcombank,Chuyển tiền,1179,1121,58,950097,95.1
2026-06-07 00:00:00,Techcombank,Thanh toán,4281,4125,156,588671,96.4
2026-06-07 00:00:00,Techcombank,Nạp Tiền,1348,1313,35,253596,97.4
2026-06-07 00:00:00,Techcombank,Rút tiền,902,880,22,308800,97.6
2026-06-07 00:00:00,Techcombank,Chuyển tiền,812,782,30,641478,96.3
2026-06-07 00:00:00,MB Bank,Thanh toán,3747,3626,121,515536,96.8
2026-06-07 00:00:00,MB Bank,Nạp Tiền,1385,1343,42,283221,97.0
2026-06-07 00:00:00,MB Bank,Rút tiền,842,821,21,308945,97.5
2026-06-07 00:00:00,MB Bank,Chuyển tiền,808,779,29,673277,96.4
2026-06-07 00:00:00,VietinBank,Thanh toán,3021,2815,206,494206,93.2
2026-06-07 00:00:00,VietinBank,Nạp Tiền,1227,1156,71,261228,94.2
2026-06-07 00:00:00,VietinBank,Rút tiền,745,694,51,241294,93.2
2026-06-07 00:00:00,VietinBank,Chuyển tiền,755,716,39,632138,94.8
2026-06-07 00:00:00,BIDV,Thanh toán,2774,2666,108,376933,96.1
2026-06-07 00:00:00,BIDV,Nạp Tiền,1096,1037,59,200080,94.6
2026-06-07 00:00:00,BIDV,Rút tiền,733,709,24,263093,96.7
2026-06-07 00:00:00,BIDV,Chuyển tiền,655,620,35,509340,94.7
2026-06-07 00:00:00,VPBank,Thanh toán,2722,2645,77,381097,97.2
2026-06-07 00:00:00,VPBank,Nạp Tiền,937,894,43,172516,95.4
2026-06-07 00:00:00,VPBank,Rút tiền,656,634,22,211936,96.6
2026-06-07 00:00:00,VPBank,Chuyển tiền,604,568,36,517863,94.0
2026-06-07 00:00:00,ACB,Thanh toán,2226,2153,73,332014,96.7
2026-06-07 00:00:00,ACB,Nạp Tiền,905,894,11,169378,98.8
2026-06-07 00:00:00,ACB,Rút tiền,529,517,12,200478,97.7
2026-06-07 00:00:00,ACB,Chuyển tiền,567,549,18,437433,96.8
2026-06-07 00:00:00,Sacombank,Thanh toán,1438,1370,68,207932,95.3
2026-06-07 00:00:00,Sacombank,Nạp Tiền,493,464,29,91094,94.1
2026-06-07 00:00:00,Sacombank,Rút tiền,358,341,17,117264,95.3
2026-06-07 00:00:00,Sacombank,Chuyển tiền,323,307,16,281866,95.0
2026-06-07 00:00:00,TPBank,Thanh toán,1152,1141,11,185450,99.0
2026-06-07 00:00:00,TPBank,Nạp Tiền,452,440,12,91359,97.3
2026-06-07 00:00:00,TPBank,Rút tiền,268,261,7,89890,97.4
2026-06-07 00:00:00,TPBank,Chuyển tiền,267,262,5,202603,98.1
2026-06-07 00:00:00,Agribank,Thanh toán,982,936,46,147104,95.3
2026-06-07 00:00:00,Agribank,Nạp Tiền,372,356,16,77859,95.7
2026-06-07 00:00:00,Agribank,Rút tiền,244,234,10,81046,95.9
2026-06-07 00:00:00,Agribank,Chuyển tiền,194,186,8,140422,95.9
2026-06-08 00:00:00,Vietcombank,Thanh toán,8699,8381,318,1393468,96.3
2026-06-08 00:00:00,Vietcombank,Nạp Tiền,3209,3059,150,620622,95.3
2026-06-08 00:00:00,Vietcombank,Rút tiền,1986,1943,43,726687,97.8
2026-06-08 00:00:00,Vietcombank,Chuyển tiền,1709,1631,78,1499303,95.4
2026-06-08 00:00:00,Techcombank,Thanh toán,6046,5887,159,827073,97.4
2026-06-08 00:00:00,Techcombank,Nạp Tiền,2115,2073,42,388570,98.0
2026-06-08 00:00:00,Techcombank,Rút tiền,1387,1367,20,487368,98.6
2026-06-08 00:00:00,Techcombank,Chuyển tiền,1405,1378,27,1114661,98.1
2026-06-08 00:00:00,MB Bank,Thanh toán,6154,5960,194,848435,96.8
2026-06-08 00:00:00,MB Bank,Nạp Tiền,2028,1998,30,397029,98.5
2026-06-08 00:00:00,MB Bank,Rút tiền,1425,1401,24,492264,98.3
2026-06-08 00:00:00,MB Bank,Chuyển tiền,1209,1170,39,920966,96.8
2026-06-08 00:00:00,VietinBank,Thanh toán,4952,4728,224,726897,95.5
2026-06-08 00:00:00,VietinBank,Nạp Tiền,1851,1734,117,353315,93.7
2026-06-08 00:00:00,VietinBank,Rút tiền,1113,1063,50,361199,95.5
2026-06-08 00:00:00,VietinBank,Chuyển tiền,1160,1073,87,854810,92.5
2026-06-08 00:00:00,BIDV,Thanh toán,4635,4412,223,682250,95.2
2026-06-08 00:00:00,BIDV,Nạp Tiền,1701,1645,56,320307,96.7
2026-06-08 00:00:00,BIDV,Rút tiền,1065,1014,51,399027,95.2
2026-06-08 00:00:00,BIDV,Chuyển tiền,934,876,58,775004,93.8
2026-06-08 00:00:00,VPBank,Thanh toán,4412,4179,233,706263,94.7
2026-06-08 00:00:00,VPBank,Nạp Tiền,1463,1391,72,304956,95.1
2026-06-08 00:00:00,VPBank,Rút tiền,988,946,42,314605,95.7
2026-06-08 00:00:00,VPBank,Chuyển tiền,904,858,46,794171,94.9
2026-06-08 00:00:00,ACB,Thanh toán,3447,3408,39,553719,98.9
2026-06-08 00:00:00,ACB,Nạp Tiền,1384,1360,24,262951,98.3
2026-06-08 00:00:00,ACB,Rút tiền,925,891,34,342774,96.3
2026-06-08 00:00:00,ACB,Chuyển tiền,777,742,35,662671,95.5
2026-06-08 00:00:00,Sacombank,Thanh toán,2162,2008,154,345293,92.9
2026-06-08 00:00:00,Sacombank,Nạp Tiền,841,795,46,182920,94.5
2026-06-08 00:00:00,Sacombank,Rút tiền,494,466,28,164560,94.3
2026-06-08 00:00:00,Sacombank,Chuyển tiền,457,421,36,333754,92.1
2026-06-08 00:00:00,TPBank,Thanh toán,1973,1950,23,271799,98.8
2026-06-08 00:00:00,TPBank,Nạp Tiền,743,735,8,143593,98.9
2026-06-08 00:00:00,TPBank,Rút tiền,418,415,3,133151,99.3
2026-06-08 00:00:00,TPBank,Chuyển tiền,436,429,7,341475,98.4
2026-06-08 00:00:00,Agribank,Thanh toán,1374,1300,74,203077,94.6
2026-06-08 00:00:00,Agribank,Nạp Tiền,542,510,32,101617,94.1
2026-06-08 00:00:00,Agribank,Rút tiền,340,322,18,110637,94.7
2026-06-08 00:00:00,Agribank,Chuyển tiền,338,321,17,256652,95.0
2026-06-09 00:00:00,Vietcombank,Thanh toán,8194,7932,262,1323194,96.8
2026-06-09 00:00:00,Vietcombank,Nạp Tiền,3005,2869,136,574529,95.5
2026-06-09 00:00:00,Vietcombank,Rút tiền,1864,1800,64,671013,96.6
2026-06-09 00:00:00,Vietcombank,Chuyển tiền,1925,1839,86,1692178,95.5
2026-06-09 00:00:00,Techcombank,Thanh toán,6173,6067,106,1016582,98.3
2026-06-09 00:00:00,Techcombank,Nạp Tiền,2226,2167,59,470258,97.3
2026-06-09 00:00:00,Techcombank,Rút tiền,1416,1397,19,495837,98.7
2026-06-09 00:00:00,Techcombank,Chuyển tiền,1325,1275,50,959525,96.2
2026-06-09 00:00:00,MB Bank,Thanh toán,6000,5835,165,971237,97.2
2026-06-09 00:00:00,MB Bank,Nạp Tiền,2103,2035,68,461947,96.8
2026-06-09 00:00:00,MB Bank,Rút tiền,1409,1376,33,501433,97.7
2026-06-09 00:00:00,MB Bank,Chuyển tiền,1235,1223,12,908986,99.0
2026-06-09 00:00:00,VietinBank,Thanh toán,5302,4953,349,800658,93.4
2026-06-09 00:00:00,VietinBank,Nạp Tiền,1712,1626,86,373065,95.0
2026-06-09 00:00:00,VietinBank,Rút tiền,1241,1182,59,460184,95.2
2026-06-09 00:00:00,VietinBank,Chuyển tiền,1101,1046,55,967390,95.0
2026-06-09 00:00:00,BIDV,Thanh toán,4352,4105,247,664879,94.3
2026-06-09 00:00:00,BIDV,Nạp Tiền,1701,1642,59,308099,96.5
2026-06-09 00:00:00,BIDV,Rút tiền,1077,1041,36,381745,96.7
2026-06-09 00:00:00,BIDV,Chuyển tiền,1055,1014,41,900834,96.1
2026-06-09 00:00:00,VPBank,Thanh toán,4299,4137,162,603006,96.2
2026-06-09 00:00:00,VPBank,Nạp Tiền,1389,1318,71,262944,94.9
2026-06-09 00:00:00,VPBank,Rút tiền,953,902,51,332081,94.6
2026-06-09 00:00:00,VPBank,Chuyển tiền,912,883,29,686037,96.8
2026-06-09 00:00:00,ACB,Thanh toán,3549,3443,106,498009,97.0
2026-06-09 00:00:00,ACB,Nạp Tiền,1447,1426,21,279189,98.5
2026-06-09 00:00:00,ACB,Rút tiền,812,783,29,295834,96.4
2026-06-09 00:00:00,ACB,Chuyển tiền,782,765,17,668951,97.8
2026-06-09 00:00:00,Sacombank,Thanh toán,2235,2132,103,326774,95.4
2026-06-09 00:00:00,Sacombank,Nạp Tiền,847,798,49,163862,94.2
2026-06-09 00:00:00,Sacombank,Rút tiền,525,488,37,171163,93.0
2026-06-09 00:00:00,Sacombank,Chuyển tiền,503,475,28,439474,94.4
2026-06-09 00:00:00,TPBank,Thanh toán,1908,1849,59,313030,96.9
2026-06-09 00:00:00,TPBank,Nạp Tiền,723,716,7,147888,99.0
2026-06-09 00:00:00,TPBank,Rút tiền,458,445,13,163151,97.2
2026-06-09 00:00:00,TPBank,Chuyển tiền,403,391,12,337487,97.0
2026-06-09 00:00:00,Agribank,Thanh toán,1442,1354,88,226199,93.9
2026-06-09 00:00:00,Agribank,Nạp Tiền,570,540,30,125269,94.7
2026-06-09 00:00:00,Agribank,Rút tiền,359,336,23,128223,93.6
2026-06-09 00:00:00,Agribank,Chuyển tiền,338,317,21,273944,93.8
2026-06-10 00:00:00,Vietcombank,Thanh toán,8606,8238,368,1354242,95.7
2026-06-10 00:00:00,Vietcombank,Nạp Tiền,2881,2776,105,555401,96.4
2026-06-10 00:00:00,Vietcombank,Rút tiền,1839,1798,41,665537,97.8
2026-06-10 00:00:00,Vietcombank,Chuyển tiền,1827,1756,71,1392966,96.1
2026-06-10 00:00:00,Techcombank,Thanh toán,5872,5753,119,854460,98.0
2026-06-10 00:00:00,Techcombank,Nạp Tiền,2098,2057,41,381680,98.0
2026-06-10 00:00:00,Techcombank,Rút tiền,1440,1413,27,551285,98.1
2026-06-10 00:00:00,Techcombank,Chuyển tiền,1331,1289,42,1038970,96.8
2026-06-10 00:00:00,MB Bank,Thanh toán,5948,5813,135,950872,97.7
2026-06-10 00:00:00,MB Bank,Nạp Tiền,2255,2222,33,467881,98.5
2026-06-10 00:00:00,MB Bank,Rút tiền,1315,1288,27,487790,97.9
2026-06-10 00:00:00,MB Bank,Chuyển tiền,1184,1148,36,912857,97.0
2026-06-10 00:00:00,VietinBank,Thanh toán,4737,4402,335,663668,92.9
2026-06-10 00:00:00,VietinBank,Nạp Tiền,1876,1748,128,343308,93.2
2026-06-10 00:00:00,VietinBank,Rút tiền,1117,1047,70,428893,93.7
2026-06-10 00:00:00,VietinBank,Chuyển tiền,1134,1070,64,894739,94.4
2026-06-10 00:00:00,BIDV,Thanh toán,4844,4568,276,783238,94.3
2026-06-10 00:00:00,BIDV,Nạp Tiền,1598,1501,97,308803,93.9
2026-06-10 00:00:00,BIDV,Rút tiền,1035,984,51,366170,95.1
2026-06-10 00:00:00,BIDV,Chuyển tiền,1049,987,62,802530,94.1
2026-06-10 00:00:00,VPBank,Thanh toán,4038,3832,206,592726,94.9
2026-06-10 00:00:00,VPBank,Nạp Tiền,1520,1476,44,282938,97.1
2026-06-10 00:00:00,VPBank,Rút tiền,989,936,53,317601,94.6
2026-06-10 00:00:00,VPBank,Chuyển tiền,950,900,50,687911,94.7
2026-06-10 00:00:00,ACB,Thanh toán,3590,3515,75,589879,97.9
2026-06-10 00:00:00,ACB,Nạp Tiền,1363,1343,20,262151,98.5
2026-06-10 00:00:00,ACB,Rút tiền,908,885,23,342898,97.5
2026-06-10 00:00:00,ACB,Chuyển tiền,813,779,34,656139,95.8
2026-06-10 00:00:00,Sacombank,Thanh toán,2143,1961,182,313828,91.5
2026-06-10 00:00:00,Sacombank,Nạp Tiền,793,727,66,151091,91.7
2026-06-10 00:00:00,Sacombank,Rút tiền,543,495,48,202862,91.2
2026-06-10 00:00:00,Sacombank,Chuyển tiền,520,468,52,436985,90.0
2026-06-10 00:00:00,TPBank,Thanh toán,1795,1735,60,260838,96.7
2026-06-10 00:00:00,TPBank,Nạp Tiền,704,687,17,148021,97.6
2026-06-10 00:00:00,TPBank,Rút tiền,442,433,9,165244,98.0
2026-06-10 00:00:00,TPBank,Chuyển tiền,447,434,13,360139,97.1
2026-06-10 00:00:00,Agribank,Thanh toán,1588,1529,59,241664,96.3
2026-06-10 00:00:00,Agribank,Nạp Tiền,527,500,27,96524,94.9
2026-06-10 00:00:00,Agribank,Rút tiền,377,361,16,132005,95.8
2026-06-10 00:00:00,Agribank,Chuyển tiền,332,317,15,275030,95.5
2026-06-11 00:00:00,Vietcombank,Thanh toán,8860,8483,377,1448411,95.7
2026-06-11 00:00:00,Vietcombank,Nạp Tiền,2989,2864,125,655711,95.8
2026-06-11 00:00:00,Vietcombank,Rút tiền,1902,1859,43,615930,97.7
2026-06-11 00:00:00,Vietcombank,Chuyển tiền,1872,1779,93,1552449,95.0
2026-06-11 00:00:00,Techcombank,Thanh toán,5823,5758,65,895675,98.9
2026-06-11 00:00:00,Techcombank,Nạp Tiền,2347,2269,78,507966,96.7
2026-06-11 00:00:00,Techcombank,Rút tiền,1534,1474,60,524884,96.1
2026-06-11 00:00:00,Techcombank,Chuyển tiền,1327,1288,39,1137318,97.1
2026-06-11 00:00:00,MB Bank,Thanh toán,5921,5801,120,954488,98.0
2026-06-11 00:00:00,MB Bank,Nạp Tiền,2279,2242,37,481478,98.4
2026-06-11 00:00:00,MB Bank,Rút tiền,1302,1274,28,423636,97.8
2026-06-11 00:00:00,MB Bank,Chuyển tiền,1326,1297,29,1159418,97.8
2026-06-11 00:00:00,VietinBank,Thanh toán,4732,4518,214,718698,95.5
2026-06-11 00:00:00,VietinBank,Nạp Tiền,1735,1649,86,372502,95.0
2026-06-11 00:00:00,VietinBank,Rút tiền,1182,1127,55,394184,95.3
2026-06-11 00:00:00,VietinBank,Chuyển tiền,1178,1103,75,962937,93.6
2026-06-11 00:00:00,BIDV,Thanh toán,4213,3974,239,619686,94.3
2026-06-11 00:00:00,BIDV,Nạp Tiền,1723,1618,105,371449,93.9
2026-06-11 00:00:00,BIDV,Rút tiền,1071,1027,44,341060,95.9
2026-06-11 00:00:00,BIDV,Chuyển tiền,1032,991,41,891157,96.0
2026-06-11 00:00:00,VPBank,Thanh toán,3815,3648,167,605858,95.6
2026-06-11 00:00:00,VPBank,Nạp Tiền,1459,1392,67,291310,95.4
2026-06-11 00:00:00,VPBank,Rút tiền,922,899,23,305142,97.5
2026-06-11 00:00:00,VPBank,Chuyển tiền,904,877,27,714971,97.0
2026-06-11 00:00:00,ACB,Thanh toán,3744,3625,119,552251,96.8
2026-06-11 00:00:00,ACB,Nạp Tiền,1407,1354,53,278119,96.2
2026-06-11 00:00:00,ACB,Rút tiền,911,895,16,335397,98.2
2026-06-11 00:00:00,ACB,Chuyển tiền,841,824,17,674854,98.0
2026-06-11 00:00:00,Sacombank,Thanh toán,2130,1930,200,332891,90.6
2026-06-11 00:00:00,Sacombank,Nạp Tiền,849,771,78,181729,90.8
2026-06-11 00:00:00,Sacombank,Rút tiền,556,503,53,182642,90.5
2026-06-11 00:00:00,Sacombank,Chuyển tiền,473,437,36,359441,92.4
2026-06-11 00:00:00,TPBank,Thanh toán,1979,1911,68,288560,96.6
2026-06-11 00:00:00,TPBank,Nạp Tiền,660,642,18,140540,97.3
2026-06-11 00:00:00,TPBank,Rút tiền,477,466,11,181076,97.7
2026-06-11 00:00:00,TPBank,Chuyển tiền,384,371,13,306511,96.6
2026-06-11 00:00:00,Agribank,Thanh toán,1481,1393,88,238610,94.1
2026-06-11 00:00:00,Agribank,Nạp Tiền,572,544,28,110836,95.1
2026-06-11 00:00:00,Agribank,Rút tiền,376,362,14,138152,96.3
2026-06-11 00:00:00,Agribank,Chuyển tiền,343,320,23,248466,93.3
2026-06-12 00:00:00,Vietcombank,Thanh toán,7691,7367,324,1170322,95.8
2026-06-12 00:00:00,Vietcombank,Nạp Tiền,2869,2808,61,590713,97.9
2026-06-12 00:00:00,Vietcombank,Rút tiền,1899,1825,74,652620,96.1
2026-06-12 00:00:00,Vietcombank,Chuyển tiền,1666,1623,43,1457320,97.4
2026-06-12 00:00:00,Techcombank,Thanh toán,6315,6058,257,1025211,95.9
2026-06-12 00:00:00,Techcombank,Nạp Tiền,2374,2289,85,503370,96.4
2026-06-12 00:00:00,Techcombank,Rút tiền,1385,1339,46,514328,96.7
2026-06-12 00:00:00,Techcombank,Chuyển tiền,1304,1272,32,1086882,97.5
2026-06-12 00:00:00,MB Bank,Thanh toán,5670,5549,121,829488,97.9
2026-06-12 00:00:00,MB Bank,Nạp Tiền,2138,2095,43,403501,98.0
2026-06-12 00:00:00,MB Bank,Rút tiền,1351,1333,18,503520,98.7
2026-06-12 00:00:00,MB Bank,Chuyển tiền,1277,1250,27,920941,97.9
2026-06-12 00:00:00,VietinBank,Thanh toán,5308,5074,234,850242,95.6
2026-06-12 00:00:00,VietinBank,Nạp Tiền,1971,1865,106,402797,94.6
2026-06-12 00:00:00,VietinBank,Rút tiền,1170,1109,61,408004,94.8
2026-06-12 00:00:00,VietinBank,Chuyển tiền,1097,1044,53,902277,95.2
2026-06-12 00:00:00,BIDV,Thanh toán,4458,4217,241,696931,94.6
2026-06-12 00:00:00,BIDV,Nạp Tiền,1670,1576,94,335155,94.4
2026-06-12 00:00:00,BIDV,Rút tiền,1048,1011,37,389206,96.5
2026-06-12 00:00:00,BIDV,Chuyển tiền,1064,1006,58,820486,94.5
2026-06-12 00:00:00,VPBank,Thanh toán,3938,3811,127,609059,96.8
2026-06-12 00:00:00,VPBank,Nạp Tiền,1455,1388,67,286260,95.4
2026-06-12 00:00:00,VPBank,Rút tiền,996,964,32,354388,96.8
2026-06-12 00:00:00,VPBank,Chuyển tiền,876,833,43,730705,95.1
2026-06-12 00:00:00,ACB,Thanh toán,3963,3880,83,591565,97.9
2026-06-12 00:00:00,ACB,Nạp Tiền,1413,1372,41,271307,97.1
2026-06-12 00:00:00,ACB,Rút tiền,850,837,13,319901,98.5
2026-06-12 00:00:00,ACB,Chuyển tiền,792,763,29,629897,96.3
2026-06-12 00:00:00,Sacombank,Thanh toán,2181,2019,162,331012,92.6
2026-06-12 00:00:00,Sacombank,Nạp Tiền,792,738,54,171059,93.2
2026-06-12 00:00:00,Sacombank,Rút tiền,567,514,53,192706,90.7
2026-06-12 00:00:00,Sacombank,Chuyển tiền,487,444,43,419742,91.2
2026-06-12 00:00:00,TPBank,Thanh toán,1936,1881,55,278438,97.2
2026-06-12 00:00:00,TPBank,Nạp Tiền,743,719,24,135335,96.8
2026-06-12 00:00:00,TPBank,Rút tiền,422,413,9,138676,97.9
2026-06-12 00:00:00,TPBank,Chuyển tiền,396,390,6,309302,98.5
2026-06-12 00:00:00,Agribank,Thanh toán,1443,1367,76,232504,94.7
2026-06-12 00:00:00,Agribank,Nạp Tiền,516,485,31,97014,94.0
2026-06-12 00:00:00,Agribank,Rút tiền,349,337,12,131747,96.6
2026-06-12 00:00:00,Agribank,Chuyển tiền,328,306,22,281418,93.3
2026-06-13 00:00:00,Vietcombank,Thanh toán,5118,4997,121,765793,97.6
2026-06-13 00:00:00,Vietcombank,Nạp Tiền,1884,1813,71,343491,96.2
2026-06-13 00:00:00,Vietcombank,Rút tiền,1281,1231,50,471771,96.1
2026-06-13 00:00:00,Vietcombank,Chuyển tiền,1120,1081,39,834791,96.5
2026-06-13 00:00:00,Techcombank,Thanh toán,3741,3602,139,553710,96.3
2026-06-13 00:00:00,Techcombank,Nạp Tiền,1437,1395,42,314147,97.1
2026-06-13 00:00:00,Techcombank,Rút tiền,961,922,39,338622,95.9
2026-06-13 00:00:00,Techcombank,Chuyển tiền,891,875,16,768684,98.2
2026-06-13 00:00:00,MB Bank,Thanh toán,4046,3932,114,628353,97.2
2026-06-13 00:00:00,MB Bank,Nạp Tiền,1434,1417,17,271098,98.8
2026-06-13 00:00:00,MB Bank,Rút tiền,916,893,23,295125,97.5
2026-06-13 00:00:00,MB Bank,Chuyển tiền,892,873,19,666077,97.9
2026-06-13 00:00:00,VietinBank,Thanh toán,3056,2860,196,439223,93.6
2026-06-13 00:00:00,VietinBank,Nạp Tiền,1280,1207,73,257234,94.3
2026-06-13 00:00:00,VietinBank,Rút tiền,767,731,36,295051,95.3
2026-06-13 00:00:00,VietinBank,Chuyển tiền,699,665,34,558101,95.1
2026-06-13 00:00:00,BIDV,Thanh toán,3098,2923,175,506344,94.4
2026-06-13 00:00:00,BIDV,Nạp Tiền,1090,1023,67,205980,93.9
2026-06-13 00:00:00,BIDV,Rút tiền,658,621,37,208279,94.4
2026-06-13 00:00:00,BIDV,Chuyển tiền,656,615,41,510797,93.8
2026-06-13 00:00:00,VPBank,Thanh toán,2800,2715,85,409516,97.0
2026-06-13 00:00:00,VPBank,Nạp Tiền,962,932,30,197138,96.9
2026-06-13 00:00:00,VPBank,Rút tiền,659,643,16,238121,97.6
2026-06-13 00:00:00,VPBank,Chuyển tiền,622,601,21,452640,96.6
2026-06-13 00:00:00,ACB,Thanh toán,2279,2216,63,333662,97.2
2026-06-13 00:00:00,ACB,Nạp Tiền,947,916,31,197046,96.7
2026-06-13 00:00:00,ACB,Rút tiền,551,540,11,197876,98.0
2026-06-13 00:00:00,ACB,Chuyển tiền,522,505,17,384273,96.7
2026-06-13 00:00:00,Sacombank,Thanh toán,1465,1336,129,224392,91.2
2026-06-13 00:00:00,Sacombank,Nạp Tiền,501,459,42,108188,91.6
2026-06-13 00:00:00,Sacombank,Rút tiền,347,321,26,112164,92.5
2026-06-13 00:00:00,Sacombank,Chuyển tiền,297,274,23,237492,92.3
2026-06-13 00:00:00,TPBank,Thanh toán,1290,1251,39,184327,97.0
2026-06-13 00:00:00,TPBank,Nạp Tiền,479,476,3,93077,99.4
2026-06-13 00:00:00,TPBank,Rút tiền,294,286,8,93420,97.3
2026-06-13 00:00:00,TPBank,Chuyển tiền,279,275,4,231601,98.6
2026-06-13 00:00:00,Agribank,Thanh toán,1011,910,101,136568,90.0
2026-06-13 00:00:00,Agribank,Nạp Tiền,365,326,39,67312,89.3
2026-06-13 00:00:00,Agribank,Rút tiền,246,224,22,80058,91.1
2026-06-13 00:00:00,Agribank,Chuyển tiền,199,181,18,145669,91.0
2026-06-14 00:00:00,Vietcombank,Thanh toán,5674,5425,249,809547,95.6
2026-06-14 00:00:00,Vietcombank,Nạp Tiền,1912,1848,64,418903,96.7
2026-06-14 00:00:00,Vietcombank,Rút tiền,1233,1192,41,397009,96.7
2026-06-14 00:00:00,Vietcombank,Chuyển tiền,1121,1092,29,959979,97.4
2026-06-14 00:00:00,Techcombank,Thanh toán,4019,3951,68,580268,98.3
2026-06-14 00:00:00,Techcombank,Nạp Tiền,1517,1460,57,324713,96.2
2026-06-14 00:00:00,Techcombank,Rút tiền,874,838,36,283776,95.9
2026-06-14 00:00:00,Techcombank,Chuyển tiền,839,809,30,724161,96.4
2026-06-14 00:00:00,MB Bank,Thanh toán,3777,3748,29,520427,99.2
2026-06-14 00:00:00,MB Bank,Nạp Tiền,1482,1447,35,273507,97.6
2026-06-14 00:00:00,MB Bank,Rút tiền,930,925,5,310646,99.5
2026-06-14 00:00:00,MB Bank,Chuyển tiền,862,846,16,686599,98.1
2026-06-14 00:00:00,VietinBank,Thanh toán,3441,3257,184,546799,94.7
2026-06-14 00:00:00,VietinBank,Nạp Tiền,1122,1045,77,234561,93.1
2026-06-14 00:00:00,VietinBank,Rút tiền,832,792,40,268120,95.2
2026-06-14 00:00:00,VietinBank,Chuyển tiền,731,685,46,592863,93.7
2026-06-14 00:00:00,BIDV,Thanh toán,2938,2772,166,430101,94.3
2026-06-14 00:00:00,BIDV,Nạp Tiền,1078,1031,47,231234,95.6
2026-06-14 00:00:00,BIDV,Rút tiền,749,719,30,282690,96.0
2026-06-14 00:00:00,BIDV,Chuyển tiền,653,627,26,481959,96.0
2026-06-14 00:00:00,VPBank,Thanh toán,2677,2568,109,366481,95.9
2026-06-14 00:00:00,VPBank,Nạp Tiền,977,925,52,209794,94.7
2026-06-14 00:00:00,VPBank,Rút tiền,650,630,20,230987,96.9
2026-06-14 00:00:00,VPBank,Chuyển tiền,611,579,32,533355,94.8
2026-06-14 00:00:00,ACB,Thanh toán,2393,2335,58,372463,97.6
2026-06-14 00:00:00,ACB,Nạp Tiền,831,809,22,173733,97.4
2026-06-14 00:00:00,ACB,Rút tiền,586,569,17,212331,97.1
2026-06-14 00:00:00,ACB,Chuyển tiền,533,511,22,454238,95.9
2026-06-14 00:00:00,Sacombank,Thanh toán,1560,1456,104,213153,93.3
2026-06-14 00:00:00,Sacombank,Nạp Tiền,566,528,38,113326,93.3
2026-06-14 00:00:00,Sacombank,Rút tiền,345,321,24,129671,93.0
2026-06-14 00:00:00,Sacombank,Chuyển tiền,294,271,23,226762,92.2
2026-06-14 00:00:00,TPBank,Thanh toán,1219,1211,8,166406,99.3
2026-06-14 00:00:00,TPBank,Nạp Tiền,441,432,9,86059,98.0
2026-06-14 00:00:00,TPBank,Rút tiền,283,273,10,97944,96.5
2026-06-14 00:00:00,TPBank,Chuyển tiền,284,276,8,243403,97.2
2026-06-14 00:00:00,Agribank,Thanh toán,1002,901,101,164748,89.9
2026-06-14 00:00:00,Agribank,Nạp Tiền,370,337,33,68119,91.1
2026-06-14 00:00:00,Agribank,Rút tiền,236,210,26,83411,89.0
2026-06-14 00:00:00,Agribank,Chuyển tiền,199,181,18,173947,91.0
2026-06-15 00:00:00,Vietcombank,Thanh toán,8895,8558,337,1336474,96.2
2026-06-15 00:00:00,Vietcombank,Nạp Tiền,2865,2787,78,567981,97.3
2026-06-15 00:00:00,Vietcombank,Rút tiền,1968,1897,71,627396,96.4
2026-06-15 00:00:00,Vietcombank,Chuyển tiền,1770,1723,47,1368414,97.3
2026-06-15 00:00:00,Techcombank,Thanh toán,6402,6259,143,955140,97.8
2026-06-15 00:00:00,Techcombank,Nạp Tiền,2379,2307,72,471282,97.0
2026-06-15 00:00:00,Techcombank,Rút tiền,1352,1327,25,446866,98.2
2026-06-15 00:00:00,Techcombank,Chuyển tiền,1313,1267,46,1078479,96.5
2026-06-15 00:00:00,MB Bank,Thanh toán,6208,6051,157,935294,97.5
2026-06-15 00:00:00,MB Bank,Nạp Tiền,2014,1948,66,375744,96.7
2026-06-15 00:00:00,MB Bank,Rút tiền,1309,1297,12,480371,99.1
2026-06-15 00:00:00,MB Bank,Chuyển tiền,1280,1234,46,1046702,96.4
2026-06-15 00:00:00,VietinBank,Thanh toán,4822,4487,335,774248,93.1
2026-06-15 00:00:00,VietinBank,Nạp Tiền,1794,1688,106,378994,94.1
2026-06-15 00:00:00,VietinBank,Rút tiền,1277,1197,80,469936,93.7
2026-06-15 00:00:00,VietinBank,Chuyển tiền,1022,971,51,872782,95.0
2026-06-15 00:00:00,BIDV,Thanh toán,4777,4498,279,772692,94.2
2026-06-15 00:00:00,BIDV,Nạp Tiền,1752,1678,74,382369,95.8
2026-06-15 00:00:00,BIDV,Rút tiền,1021,987,34,321925,96.7
2026-06-15 00:00:00,BIDV,Chuyển tiền,923,876,47,728477,94.9
2026-06-15 00:00:00,VPBank,Thanh toán,4394,4220,174,660198,96.0
2026-06-15 00:00:00,VPBank,Nạp Tiền,1615,1572,43,335391,97.3
2026-06-15 00:00:00,VPBank,Rút tiền,941,911,30,304871,96.8
2026-06-15 00:00:00,VPBank,Chuyển tiền,927,891,36,757345,96.1
2026-06-15 00:00:00,ACB,Thanh toán,3745,3652,93,548791,97.5
2026-06-15 00:00:00,ACB,Nạp Tiền,1397,1380,17,294061,98.8
2026-06-15 00:00:00,ACB,Rút tiền,877,852,25,297303,97.1
2026-06-15 00:00:00,ACB,Chuyển tiền,821,795,26,608639,96.8
2026-06-15 00:00:00,Sacombank,Thanh toán,2260,2084,176,365200,92.2
2026-06-15 00:00:00,Sacombank,Nạp Tiền,822,764,58,165971,92.9
2026-06-15 00:00:00,Sacombank,Rút tiền,524,485,39,199374,92.6
2026-06-15 00:00:00,Sacombank,Chuyển tiền,475,430,45,389436,90.5
2026-06-15 00:00:00,TPBank,Thanh toán,1894,1865,29,308032,98.5
2026-06-15 00:00:00,TPBank,Nạp Tiền,651,647,4,134108,99.4
2026-06-15 00:00:00,TPBank,Rút tiền,435,426,9,158166,97.9
2026-06-15 00:00:00,TPBank,Chuyển tiền,422,414,8,355207,98.1
2026-06-15 00:00:00,Agribank,Thanh toán,1510,1334,176,229699,88.3
2026-06-15 00:00:00,Agribank,Nạp Tiền,582,518,64,120456,89.0
2026-06-15 00:00:00,Agribank,Rút tiền,376,333,43,141535,88.6
2026-06-15 00:00:00,Agribank,Chuyển tiền,326,290,36,261985,89.0
2026-06-16 00:00:00,Vietcombank,Thanh toán,7172,6885,287,1081032,96.0
2026-06-16 00:00:00,Vietcombank,Nạp Tiền,2525,2431,94,485816,96.3
2026-06-16 00:00:00,Vietcombank,Rút tiền,1696,1623,73,627722,95.7
2026-06-16 00:00:00,Vietcombank,Chuyển tiền,1550,1477,73,1215499,95.3
2026-06-16 00:00:00,Techcombank,Thanh toán,4803,4721,82,659398,98.3
2026-06-16 00:00:00,Techcombank,Nạp Tiền,1729,1691,38,354832,97.8
2026-06-16 00:00:00,Techcombank,Rút tiền,1166,1140,26,418920,97.8
2026-06-16 00:00:00,Techcombank,Chuyển tiền,1122,1079,43,930592,96.2
2026-06-16 00:00:00,MB Bank,Thanh toán,5221,5112,109,858042,97.9
2026-06-16 00:00:00,MB Bank,Nạp Tiền,1918,1870,48,351446,97.5
2026-06-16 00:00:00,MB Bank,Rút tiền,1086,1081,5,355551,99.5
2026-06-16 00:00:00,MB Bank,Chuyển tiền,1119,1082,37,885527,96.7
2026-06-16 00:00:00,VietinBank,Thanh toán,3976,3746,230,619453,94.2
2026-06-16 00:00:00,VietinBank,Nạp Tiền,1436,1372,64,299577,95.5
2026-06-16 00:00:00,VietinBank,Rút tiền,1012,951,61,375366,94.0
2026-06-16 00:00:00,VietinBank,Chuyển tiền,958,885,73,840258,92.4
2026-06-16 00:00:00,BIDV,Thanh toán,3641,3295,346,522741,90.5
2026-06-16 00:00:00,BIDV,Nạp Tiền,1379,1247,132,268668,90.4
2026-06-16 00:00:00,BIDV,Rút tiền,832,764,68,312771,91.8
2026-06-16 00:00:00,BIDV,Chuyển tiền,787,718,69,613669,91.2
2026-06-16 00:00:00,ACB,Thanh toán,3077,2953,124,472371,96.0
2026-06-16 00:00:00,ACB,Nạp Tiền,1170,1138,32,212463,97.3
2026-06-16 00:00:00,ACB,Rút tiền,701,689,12,233119,98.3
2026-06-16 00:00:00,ACB,Chuyển tiền,664,641,23,525115,96.5
2026-06-16 00:00:00,VPBank,Thanh toán,2817,2730,87,462135,96.9
2026-06-16 00:00:00,VPBank,Nạp Tiền,1082,1028,54,234197,95.0
2026-06-16 00:00:00,VPBank,Rút tiền,696,670,26,267875,96.3
2026-06-16 00:00:00,VPBank,Chuyển tiền,609,577,32,470078,94.7
2026-06-16 00:00:00,Sacombank,Thanh toán,2097,1963,134,304084,93.6
2026-06-16 00:00:00,Sacombank,Nạp Tiền,793,734,59,151796,92.6
2026-06-16 00:00:00,Sacombank,Rút tiền,496,462,34,171624,93.1
2026-06-16 00:00:00,Sacombank,Chuyển tiền,447,417,30,348237,93.3
2026-06-16 00:00:00,TPBank,Thanh toán,1787,1760,27,268173,98.5
2026-06-16 00:00:00,TPBank,Nạp Tiền,688,672,16,136890,97.7
2026-06-16 00:00:00,TPBank,Rút tiền,437,428,9,161678,97.9
2026-06-16 00:00:00,TPBank,Chuyển tiền,368,361,7,286015,98.1
2026-06-16 00:00:00,Agribank,Thanh toán,1473,1322,151,208997,89.7
2026-06-16 00:00:00,Agribank,Nạp Tiền,520,463,57,99009,89.0
2026-06-16 00:00:00,Agribank,Rút tiền,340,301,39,130683,88.5
2026-06-16 00:00:00,Agribank,Chuyển tiền,315,274,41,272413,87.0
2026-06-17 00:00:00,Vietcombank,Thanh toán,6358,6092,266,899482,95.8
2026-06-17 00:00:00,Vietcombank,Nạp Tiền,2343,2244,99,512975,95.8
2026-06-17 00:00:00,Vietcombank,Rút tiền,1664,1626,38,636862,97.7
2026-06-17 00:00:00,Vietcombank,Chuyển tiền,1464,1429,35,1064348,97.6
2026-06-17 00:00:00,Techcombank,Thanh toán,5368,5240,128,742068,97.6
2026-06-17 00:00:00,Techcombank,Nạp Tiền,1848,1778,70,335768,96.2
2026-06-17 00:00:00,Techcombank,Rút tiền,1200,1157,43,444350,96.4
2026-06-17 00:00:00,Techcombank,Chuyển tiền,1086,1069,17,880481,98.4
2026-06-17 00:00:00,MB Bank,Thanh toán,5225,5188,37,799041,99.3
2026-06-17 00:00:00,MB Bank,Nạp Tiền,1731,1674,57,367555,96.7
2026-06-17 00:00:00,MB Bank,Rút tiền,1116,1111,5,421067,99.6
2026-06-17 00:00:00,MB Bank,Chuyển tiền,1105,1072,33,864904,97.0
2026-06-17 00:00:00,VietinBank,Thanh toán,4510,4266,244,617773,94.6
2026-06-17 00:00:00,VietinBank,Nạp Tiền,1520,1434,86,299843,94.3
2026-06-17 00:00:00,VietinBank,Rút tiền,917,868,49,338804,94.7
2026-06-17 00:00:00,VietinBank,Chuyển tiền,898,836,62,760465,93.1
2026-06-17 00:00:00,BIDV,Thanh toán,3513,3307,206,498704,94.1
2026-06-17 00:00:00,BIDV,Nạp Tiền,1264,1207,57,243801,95.5
2026-06-17 00:00:00,BIDV,Rút tiền,825,775,50,290667,93.9
2026-06-17 00:00:00,BIDV,Chuyển tiền,871,816,55,678253,93.7
2026-06-17 00:00:00,ACB,Thanh toán,3040,2940,100,455992,96.7
2026-06-17 00:00:00,ACB,Nạp Tiền,1041,1008,33,219524,96.8
2026-06-17 00:00:00,ACB,Rút tiền,741,715,26,239161,96.5
2026-06-17 00:00:00,ACB,Chuyển tiền,628,613,15,539875,97.6
2026-06-17 00:00:00,VPBank,Thanh toán,2589,2498,91,399855,96.5
2026-06-17 00:00:00,VPBank,Nạp Tiền,1065,1027,38,212045,96.4
2026-06-17 00:00:00,VPBank,Rút tiền,638,606,32,232966,95.0
2026-06-17 00:00:00,VPBank,Chuyển tiền,641,607,34,475401,94.7
2026-06-17 00:00:00,Sacombank,Thanh toán,2186,2070,116,327459,94.7
2026-06-17 00:00:00,Sacombank,Nạp Tiền,781,726,55,164042,93.0
2026-06-17 00:00:00,Sacombank,Rút tiền,521,482,39,191510,92.5
2026-06-17 00:00:00,Sacombank,Chuyển tiền,443,411,32,360776,92.8
2026-06-17 00:00:00,TPBank,Thanh toán,1697,1652,45,247716,97.3
2026-06-17 00:00:00,TPBank,Nạp Tiền,636,620,16,117685,97.5
2026-06-17 00:00:00,TPBank,Rút tiền,417,412,5,133665,98.8
2026-06-17 00:00:00,TPBank,Chuyển tiền,400,389,11,346534,97.2
2026-06-17 00:00:00,Agribank,Thanh toán,1444,1376,68,232964,95.3
2026-06-17 00:00:00,Agribank,Nạp Tiền,537,514,23,99836,95.7
2026-06-17 00:00:00,Agribank,Rút tiền,314,303,11,118115,96.5
2026-06-17 00:00:00,Agribank,Chuyển tiền,300,287,13,253559,95.7
2026-06-18 00:00:00,Vietcombank,Thanh toán,6891,6587,304,973554,95.6
2026-06-18 00:00:00,Vietcombank,Nạp Tiền,2389,2326,63,469864,97.4
2026-06-18 00:00:00,Vietcombank,Rút tiền,1743,1687,56,588906,96.8
2026-06-18 00:00:00,Vietcombank,Chuyển tiền,1473,1407,66,1179674,95.5
2026-06-18 00:00:00,Techcombank,Thanh toán,4676,4600,76,769629,98.4
2026-06-18 00:00:00,Techcombank,Nạp Tiền,1848,1777,71,380284,96.2
2026-06-18 00:00:00,Techcombank,Rút tiền,1112,1070,42,380338,96.2
2026-06-18 00:00:00,Techcombank,Chuyển tiền,1170,1126,44,974245,96.2
2026-06-18 00:00:00,MB Bank,Thanh toán,4878,4789,89,798485,98.2
2026-06-18 00:00:00,MB Bank,Nạp Tiền,1836,1776,60,376869,96.7
2026-06-18 00:00:00,MB Bank,Rút tiền,1095,1087,8,400619,99.3
2026-06-18 00:00:00,MB Bank,Chuyển tiền,1106,1072,34,865003,96.9
2026-06-18 00:00:00,VietinBank,Thanh toán,4408,4156,252,673121,94.3
2026-06-18 00:00:00,VietinBank,Nạp Tiền,1538,1446,92,297775,94.0
2026-06-18 00:00:00,VietinBank,Rút tiền,930,880,50,313874,94.6
2026-06-18 00:00:00,VietinBank,Chuyển tiền,850,803,47,690597,94.5
2026-06-18 00:00:00,BIDV,Thanh toán,3761,3553,208,612701,94.5
2026-06-18 00:00:00,BIDV,Nạp Tiền,1438,1377,61,282723,95.8
2026-06-18 00:00:00,BIDV,Rút tiền,927,873,54,353315,94.2
2026-06-18 00:00:00,BIDV,Chuyển tiền,803,749,54,652843,93.3
2026-06-18 00:00:00,ACB,Thanh toán,3033,2989,44,475276,98.5
2026-06-18 00:00:00,ACB,Nạp Tiền,1065,1039,26,195952,97.6
2026-06-18 00:00:00,ACB,Rút tiền,764,738,26,264825,96.6
2026-06-18 00:00:00,ACB,Chuyển tiền,681,652,29,561651,95.7
2026-06-18 00:00:00,VPBank,Thanh toán,2603,2497,106,375347,95.9
2026-06-18 00:00:00,VPBank,Nạp Tiền,1029,984,45,207084,95.6
2026-06-18 00:00:00,VPBank,Rút tiền,601,570,31,206579,94.8
2026-06-18 00:00:00,VPBank,Chuyển tiền,560,543,17,410082,97.0
2026-06-18 00:00:00,Sacombank,Thanh toán,2126,1975,151,331749,92.9
2026-06-18 00:00:00,Sacombank,Nạp Tiền,756,702,54,162084,92.9
2026-06-18 00:00:00,Sacombank,Rút tiền,461,437,24,157070,94.8
2026-06-18 00:00:00,Sacombank,Chuyển tiền,478,447,31,412863,93.5
2026-06-18 00:00:00,TPBank,Thanh toán,1751,1718,33,273410,98.1
2026-06-18 00:00:00,TPBank,Nạp Tiền,684,678,6,143313,99.1
2026-06-18 00:00:00,TPBank,Rút tiền,443,430,13,166350,97.1
2026-06-18 00:00:00,TPBank,Chuyển tiền,409,394,15,353385,96.3
2026-06-18 00:00:00,Agribank,Thanh toán,1322,1264,58,184262,95.6
2026-06-18 00:00:00,Agribank,Nạp Tiền,508,478,30,92780,94.1
2026-06-18 00:00:00,Agribank,Rút tiền,326,314,12,115572,96.3
2026-06-18 00:00:00,Agribank,Chuyển tiền,327,307,20,236335,93.9
2026-06-19 00:00:00,Vietcombank,Thanh toán,7017,6834,183,1083648,97.4
2026-06-19 00:00:00,Vietcombank,Nạp Tiền,2676,2602,74,513297,97.2
2026-06-19 00:00:00,Vietcombank,Rút tiền,1584,1516,68,595300,95.7
2026-06-19 00:00:00,Vietcombank,Chuyển tiền,1395,1333,62,1056335,95.6
2026-06-19 00:00:00,Techcombank,Thanh toán,5267,5155,112,720315,97.9
2026-06-19 00:00:00,Techcombank,Nạp Tiền,1765,1711,54,336420,96.9
2026-06-19 00:00:00,Techcombank,Rút tiền,1158,1141,17,413575,98.5
2026-06-19 00:00:00,Techcombank,Chuyển tiền,1027,1002,25,839144,97.6
2026-06-19 00:00:00,MB Bank,Thanh toán,4818,4717,101,737441,97.9
2026-06-19 00:00:00,MB Bank,Nạp Tiền,1854,1835,19,398675,99.0
2026-06-19 00:00:00,MB Bank,Rút tiền,1164,1149,15,443403,98.7
2026-06-19 00:00:00,MB Bank,Chuyển tiền,1148,1116,32,852578,97.2
2026-06-19 00:00:00,VietinBank,Thanh toán,3924,3754,170,545233,95.7
2026-06-19 00:00:00,VietinBank,Nạp Tiền,1421,1353,68,274214,95.2
2026-06-19 00:00:00,VietinBank,Rút tiền,1008,935,73,336939,92.8
2026-06-19 00:00:00,VietinBank,Chuyển tiền,913,859,54,676294,94.1
2026-06-19 00:00:00,BIDV,Thanh toán,3757,3532,225,514170,94.0
2026-06-19 00:00:00,BIDV,Nạp Tiền,1304,1260,44,265598,96.6
2026-06-19 00:00:00,BIDV,Rút tiền,906,856,50,307591,94.5
2026-06-19 00:00:00,BIDV,Chuyển tiền,834,795,39,727496,95.3
2026-06-19 00:00:00,ACB,Thanh toán,3003,2880,123,422119,95.9
2026-06-19 00:00:00,ACB,Nạp Tiền,1083,1046,37,238146,96.6
2026-06-19 00:00:00,ACB,Rút tiền,692,674,18,252654,97.4
2026-06-19 00:00:00,ACB,Chuyển tiền,642,614,28,481065,95.6
2026-06-19 00:00:00,VPBank,Thanh toán,2670,2545,125,415859,95.3
2026-06-19 00:00:00,VPBank,Nạp Tiền,927,892,35,190764,96.2
2026-06-19 00:00:00,VPBank,Rút tiền,678,646,32,225757,95.3
2026-06-19 00:00:00,VPBank,Chuyển tiền,553,525,28,457933,94.9
2026-06-19 00:00:00,Sacombank,Thanh toán,1972,1829,143,298486,92.7
2026-06-19 00:00:00,Sacombank,Nạp Tiền,786,745,41,168605,94.8
2026-06-19 00:00:00,Sacombank,Rút tiền,527,498,29,170346,94.5
2026-06-19 00:00:00,Sacombank,Chuyển tiền,478,445,33,416562,93.1
2026-06-19 00:00:00,TPBank,Thanh toán,1766,1738,28,278097,98.4
2026-06-19 00:00:00,TPBank,Nạp Tiền,700,681,19,139307,97.3
2026-06-19 00:00:00,TPBank,Rút tiền,434,419,15,145822,96.5
2026-06-19 00:00:00,TPBank,Chuyển tiền,399,385,14,328357,96.5
2026-06-19 00:00:00,Agribank,Thanh toán,1495,1426,69,229521,95.4
2026-06-19 00:00:00,Agribank,Nạp Tiền,482,453,29,91313,94.0
2026-06-19 00:00:00,Agribank,Rút tiền,312,299,13,116977,95.8
2026-06-19 00:00:00,Agribank,Chuyển tiền,306,290,16,222012,94.8
2026-06-20 00:00:00,Vietcombank,Thanh toán,4446,4360,86,653551,98.1
2026-06-20 00:00:00,Vietcombank,Nạp Tiền,1529,1477,52,329382,96.6
2026-06-20 00:00:00,Vietcombank,Rút tiền,1110,1070,40,370639,96.4
2026-06-20 00:00:00,Vietcombank,Chuyển tiền,917,886,31,768061,96.6
2026-06-20 00:00:00,Techcombank,Thanh toán,3120,3013,107,455950,96.6
2026-06-20 00:00:00,Techcombank,Nạp Tiền,1216,1198,18,234090,98.5
2026-06-20 00:00:00,Techcombank,Rút tiền,836,813,23,317695,97.2
2026-06-20 00:00:00,Techcombank,Chuyển tiền,685,657,28,584327,95.9
2026-06-20 00:00:00,MB Bank,Thanh toán,3101,3022,79,467069,97.5
2026-06-20 00:00:00,MB Bank,Nạp Tiền,1153,1140,13,249691,98.9
2026-06-20 00:00:00,MB Bank,Rút tiền,698,678,20,232617,97.1
2026-06-20 00:00:00,MB Bank,Chuyển tiền,666,641,25,500278,96.2
2026-06-20 00:00:00,VietinBank,Thanh toán,2589,2445,144,383908,94.4
2026-06-20 00:00:00,VietinBank,Nạp Tiền,1000,953,47,197179,95.3
2026-06-20 00:00:00,VietinBank,Rút tiền,683,639,44,250975,93.6
2026-06-20 00:00:00,VietinBank,Chuyển tiền,608,563,45,511172,92.6
2026-06-20 00:00:00,BIDV,Thanh toán,2481,2251,230,371810,90.7
2026-06-20 00:00:00,BIDV,Nạp Tiền,855,778,77,176551,91.0
2026-06-20 00:00:00,BIDV,Rút tiền,587,529,58,197918,90.1
2026-06-20 00:00:00,BIDV,Chuyển tiền,528,486,42,432083,92.0
2026-06-20 00:00:00,ACB,Thanh toán,1876,1807,69,256774,96.3
2026-06-20 00:00:00,ACB,Nạp Tiền,706,688,18,130687,97.5
2026-06-20 00:00:00,ACB,Rút tiền,443,435,8,153000,98.2
2026-06-20 00:00:00,ACB,Chuyển tiền,413,393,20,302463,95.2
2026-06-20 00:00:00,VPBank,Thanh toán,1717,1661,56,250391,96.7
2026-06-20 00:00:00,VPBank,Nạp Tiền,602,577,25,124279,95.8
2026-06-20 00:00:00,VPBank,Rút tiền,403,391,12,153164,97.0
2026-06-20 00:00:00,VPBank,Chuyển tiền,367,355,12,269097,96.7
2026-06-20 00:00:00,Sacombank,Thanh toán,1451,1344,107,226932,92.6
2026-06-20 00:00:00,Sacombank,Nạp Tiền,475,443,32,98793,93.3
2026-06-20 00:00:00,Sacombank,Rút tiền,297,278,19,105437,93.6
2026-06-20 00:00:00,Sacombank,Chuyển tiền,286,270,16,208144,94.4
2026-06-20 00:00:00,TPBank,Thanh toán,1092,1081,11,176167,99.0
2026-06-20 00:00:00,TPBank,Nạp Tiền,404,402,2,87152,99.5
2026-06-20 00:00:00,TPBank,Rút tiền,260,255,5,97821,98.1
2026-06-20 00:00:00,TPBank,Chuyển tiền,241,237,4,211770,98.3
2026-06-20 00:00:00,Agribank,Thanh toán,879,711,168,138580,80.9
2026-06-20 00:00:00,Agribank,Nạp Tiền,319,258,61,63199,80.9
2026-06-20 00:00:00,Agribank,Rút tiền,219,180,39,77996,82.2
2026-06-20 00:00:00,Agribank,Chuyển tiền,210,173,37,169355,82.4
2026-06-21 00:00:00,Vietcombank,Thanh toán,4429,4309,120,707035,97.3
2026-06-21 00:00:00,Vietcombank,Nạp Tiền,1493,1450,43,298644,97.1
2026-06-21 00:00:00,Vietcombank,Rút tiền,1106,1059,47,352161,95.8
2026-06-21 00:00:00,Vietcombank,Chuyển tiền,1032,1004,28,774432,97.3
2026-06-21 00:00:00,Techcombank,Thanh toán,3368,3264,104,555564,96.9
2026-06-21 00:00:00,Techcombank,Nạp Tiền,1210,1165,45,223925,96.3
2026-06-21 00:00:00,Techcombank,Rút tiền,723,700,23,269095,96.8
2026-06-21 00:00:00,Techcombank,Chuyển tiền,756,732,24,631312,96.8
2026-06-21 00:00:00,MB Bank,Thanh toán,2949,2926,23,436516,99.2
2026-06-21 00:00:00,MB Bank,Nạp Tiền,1135,1113,22,220820,98.1
2026-06-21 00:00:00,MB Bank,Rút tiền,754,738,16,286634,97.9
2026-06-21 00:00:00,MB Bank,Chuyển tiền,664,639,25,504046,96.2
2026-06-21 00:00:00,VietinBank,Thanh toán,2763,2578,185,381568,93.3
2026-06-21 00:00:00,VietinBank,Nạp Tiền,1002,953,49,205325,95.1
2026-06-21 00:00:00,VietinBank,Rút tiền,650,614,36,228139,94.5
2026-06-21 00:00:00,VietinBank,Chuyển tiền,627,594,33,497743,94.7
2026-06-21 00:00:00,BIDV,Thanh toán,2484,2390,94,378914,96.2
2026-06-21 00:00:00,BIDV,Nạp Tiền,869,837,32,169541,96.3
2026-06-21 00:00:00,BIDV,Rút tiền,602,568,34,202920,94.4
2026-06-21 00:00:00,BIDV,Chuyển tiền,499,466,33,371188,93.4
2026-06-21 00:00:00,ACB,Thanh toán,1928,1850,78,310511,96.0
2026-06-21 00:00:00,ACB,Nạp Tiền,740,725,15,133465,98.0
2026-06-21 00:00:00,ACB,Rút tiền,444,427,17,165964,96.2
2026-06-21 00:00:00,ACB,Chuyển tiền,443,423,20,323713,95.5
2026-06-21 00:00:00,VPBank,Thanh toán,1694,1639,55,260164,96.8
2026-06-21 00:00:00,VPBank,Nạp Tiền,685,659,26,128999,96.2
2026-06-21 00:00:00,VPBank,Rút tiền,407,392,15,130778,96.3
2026-06-21 00:00:00,VPBank,Chuyển tiền,418,405,13,328470,96.9
2026-06-21 00:00:00,Sacombank,Thanh toán,1282,1195,87,199268,93.2
2026-06-21 00:00:00,Sacombank,Nạp Tiền,517,480,37,113164,92.8
2026-06-21 00:00:00,Sacombank,Rút tiền,315,300,15,114040,95.2
2026-06-21 00:00:00,Sacombank,Chuyển tiền,290,270,20,221534,93.1
2026-06-21 00:00:00,TPBank,Thanh toán,1135,1096,39,165298,96.6
2026-06-21 00:00:00,TPBank,Nạp Tiền,416,408,8,79974,98.1
2026-06-21 00:00:00,TPBank,Rút tiền,270,268,2,87029,99.3
2026-06-21 00:00:00,TPBank,Chuyển tiền,263,256,7,214060,97.3
2026-06-21 00:00:00,Agribank,Thanh toán,885,831,54,125381,93.9
2026-06-21 00:00:00,Agribank,Nạp Tiền,351,335,16,69318,95.4
2026-06-21 00:00:00,Agribank,Rút tiền,202,193,9,75473,95.5
2026-06-21 00:00:00,Agribank,Chuyển tiền,189,180,9,143944,95.2
2026-06-22 00:00:00,Vietcombank,Thanh toán,7106,6814,292,1044485,95.9
2026-06-22 00:00:00,Vietcombank,Nạp Tiền,2478,2420,58,506577,97.7
2026-06-22 00:00:00,Vietcombank,Rút tiền,1509,1441,68,540954,95.5
2026-06-22 00:00:00,Vietcombank,Chuyển tiền,1471,1435,36,1081101,97.6
2026-06-22 00:00:00,Techcombank,Thanh toán,4786,4679,107,667306,97.8
2026-06-22 00:00:00,Techcombank,Nạp Tiền,1733,1679,54,327037,96.9
2026-06-22 00:00:00,Techcombank,Rút tiền,1146,1120,26,383783,97.7
2026-06-22 00:00:00,Techcombank,Chuyển tiền,1183,1133,50,873174,95.8
2026-06-22 00:00:00,MB Bank,Thanh toán,5221,5166,55,807762,98.9
2026-06-22 00:00:00,MB Bank,Nạp Tiền,1804,1784,20,373140,98.9
2026-06-22 00:00:00,MB Bank,Rút tiền,1196,1170,26,428938,97.8
2026-06-22 00:00:00,MB Bank,Chuyển tiền,1092,1066,26,938011,97.6
2026-06-22 00:00:00,VietinBank,Thanh toán,4403,4124,279,648034,93.7
2026-06-22 00:00:00,VietinBank,Nạp Tiền,1562,1451,111,328552,92.9
2026-06-22 00:00:00,VietinBank,Rút tiền,1014,956,58,374446,94.3
2026-06-22 00:00:00,VietinBank,Chuyển tiền,951,890,61,792836,93.6
2026-06-22 00:00:00,BIDV,Thanh toán,3819,3596,223,609791,94.2
2026-06-22 00:00:00,BIDV,Nạp Tiền,1260,1199,61,232659,95.2
2026-06-22 00:00:00,BIDV,Rút tiền,919,886,33,326565,96.4
2026-06-22 00:00:00,BIDV,Chuyển tiền,756,726,30,579518,96.0
2026-06-22 00:00:00,ACB,Thanh toán,2951,2900,51,475116,98.3
2026-06-22 00:00:00,ACB,Nạp Tiền,1055,1040,15,225449,98.6
2026-06-22 00:00:00,ACB,Rút tiền,670,646,24,252293,96.4
2026-06-22 00:00:00,ACB,Chuyển tiền,628,598,30,483101,95.2
2026-06-22 00:00:00,VPBank,Thanh toán,2892,2805,87,395480,97.0
2026-06-22 00:00:00,VPBank,Nạp Tiền,1004,973,31,193640,96.9
2026-06-22 00:00:00,VPBank,Rút tiền,611,590,21,207241,96.6
2026-06-22 00:00:00,VPBank,Chuyển tiền,637,600,37,518599,94.2
2026-06-22 00:00:00,Sacombank,Thanh toán,2139,2006,133,347828,93.8
2026-06-22 00:00:00,Sacombank,Nạp Tiền,795,754,41,155939,94.8
2026-06-22 00:00:00,Sacombank,Rút tiền,485,463,22,168294,95.5
2026-06-22 00:00:00,Sacombank,Chuyển tiền,424,402,22,339166,94.8
2026-06-22 00:00:00,TPBank,Thanh toán,1858,1846,12,283616,99.4
2026-06-22 00:00:00,TPBank,Nạp Tiền,600,590,10,112903,98.3
2026-06-22 00:00:00,TPBank,Rút tiền,398,385,13,143246,96.7
2026-06-22 00:00:00,TPBank,Chuyển tiền,368,358,10,313546,97.3
2026-06-22 00:00:00,Agribank,Thanh toán,1508,1449,59,204795,96.1
2026-06-22 00:00:00,Agribank,Nạp Tiền,533,504,29,112644,94.6
2026-06-22 00:00:00,Agribank,Rút tiền,342,323,19,113657,94.4
2026-06-22 00:00:00,Agribank,Chuyển tiền,288,275,13,209975,95.5
2026-06-23 00:00:00,Vietcombank,Thanh toán,6893,6675,218,1033956,96.8
2026-06-23 00:00:00,Vietcombank,Nạp Tiền,2536,2460,76,555473,97.0
2026-06-23 00:00:00,Vietcombank,Rút tiền,1692,1663,29,650397,98.3
2026-06-23 00:00:00,Vietcombank,Chuyển tiền,1615,1558,57,1389693,96.5
2026-06-23 00:00:00,Techcombank,Thanh toán,5407,5319,88,791292,98.4
2026-06-23 00:00:00,Techcombank,Nạp Tiền,1969,1890,79,407741,96.0
2026-06-23 00:00:00,Techcombank,Rút tiền,1245,1210,35,431231,97.2
2026-06-23 00:00:00,Techcombank,Chuyển tiền,1038,993,45,839606,95.7
2026-06-23 00:00:00,MB Bank,Thanh toán,4705,4622,83,732655,98.2
2026-06-23 00:00:00,MB Bank,Nạp Tiền,1713,1655,58,361892,96.6
2026-06-23 00:00:00,MB Bank,Rút tiền,1230,1199,31,438013,97.5
2026-06-23 00:00:00,MB Bank,Chuyển tiền,1129,1119,10,979838,99.1
2026-06-23 00:00:00,VietinBank,Thanh toán,4238,4010,228,650249,94.6
2026-06-23 00:00:00,VietinBank,Nạp Tiền,1483,1411,72,267487,95.1
2026-06-23 00:00:00,VietinBank,Rút tiền,922,863,59,296212,93.6
2026-06-23 00:00:00,VietinBank,Chuyển tiền,964,891,73,695369,92.4
2026-06-23 00:00:00,BIDV,Thanh toán,3969,3658,311,637660,92.2
2026-06-23 00:00:00,BIDV,Nạp Tiền,1343,1229,114,243129,91.5
2026-06-23 00:00:00,BIDV,Rút tiền,836,753,83,278187,90.1
2026-06-23 00:00:00,BIDV,Chuyển tiền,818,749,69,670630,91.6
2026-06-23 00:00:00,ACB,Thanh toán,3087,2971,116,496961,96.2
2026-06-23 00:00:00,ACB,Nạp Tiền,1025,1010,15,185681,98.5
2026-06-23 00:00:00,ACB,Rút tiền,716,699,17,262183,97.6
2026-06-23 00:00:00,ACB,Chuyển tiền,602,578,24,526957,96.0
2026-06-23 00:00:00,VPBank,Thanh toán,2852,2761,91,464291,96.8
2026-06-23 00:00:00,VPBank,Nạp Tiền,1029,976,53,204712,94.8
2026-06-23 00:00:00,VPBank,Rút tiền,689,653,36,253876,94.8
2026-06-23 00:00:00,VPBank,Chuyển tiền,584,556,28,502179,95.2
2026-06-23 00:00:00,Sacombank,Thanh toán,1976,1879,97,277133,95.1
2026-06-23 00:00:00,Sacombank,Nạp Tiền,822,776,46,163168,94.4
2026-06-23 00:00:00,Sacombank,Rút tiền,477,441,36,173657,92.5
2026-06-23 00:00:00,Sacombank,Chuyển tiền,482,458,24,353639,95.0
2026-06-23 00:00:00,TPBank,Thanh toán,1777,1740,37,267750,97.9
2026-06-23 00:00:00,TPBank,Nạp Tiền,631,610,21,117478,96.7
2026-06-23 00:00:00,TPBank,Rút tiền,426,419,7,161343,98.4
2026-06-23 00:00:00,TPBank,Chuyển tiền,415,404,11,313657,97.3
2026-06-23 00:00:00,Agribank,Thanh toán,1499,1371,128,235189,91.5
2026-06-23 00:00:00,Agribank,Nạp Tiền,526,479,47,102856,91.1
2026-06-23 00:00:00,Agribank,Rút tiền,308,275,33,115628,89.3
2026-06-23 00:00:00,Agribank,Chuyển tiền,289,259,30,225842,89.6
2026-06-24 00:00:00,Vietcombank,Thanh toán,7400,7058,342,1053279,95.4
2026-06-24 00:00:00,Vietcombank,Nạp Tiền,2355,2257,98,474317,95.8
2026-06-24 00:00:00,Vietcombank,Rút tiền,1634,1594,40,622897,97.6
2026-06-24 00:00:00,Vietcombank,Chuyển tiền,1498,1444,54,1115394,96.4
2026-06-24 00:00:00,Techcombank,Thanh toán,4949,4872,77,709660,98.4
2026-06-24 00:00:00,Techcombank,Nạp Tiền,1766,1731,35,370256,98.0
2026-06-24 00:00:00,Techcombank,Rút tiền,1285,1236,49,421928,96.2
2026-06-24 00:00:00,Techcombank,Chuyển tiền,1178,1156,22,973918,98.1
2026-06-24 00:00:00,MB Bank,Thanh toán,4534,4473,61,646001,98.7
2026-06-24 00:00:00,MB Bank,Nạp Tiền,1790,1762,28,361466,98.4
2026-06-24 00:00:00,MB Bank,Rút tiền,1119,1092,27,367085,97.6
2026-06-24 00:00:00,MB Bank,Chuyển tiền,987,960,27,781808,97.3
2026-06-24 00:00:00,VietinBank,Thanh toán,4186,3949,237,643577,94.3
2026-06-24 00:00:00,VietinBank,Nạp Tiền,1542,1464,78,290416,94.9
2026-06-24 00:00:00,VietinBank,Rút tiền,1017,947,70,359936,93.1
2026-06-24 00:00:00,VietinBank,Chuyển tiền,965,896,69,734815,92.8
2026-06-24 00:00:00,BIDV,Thanh toán,3774,3629,145,555906,96.2
2026-06-24 00:00:00,BIDV,Nạp Tiền,1267,1198,69,253328,94.6
2026-06-24 00:00:00,BIDV,Rút tiền,878,825,53,297008,94.0
2026-06-24 00:00:00,BIDV,Chuyển tiền,865,827,38,703795,95.6
2026-06-24 00:00:00,ACB,Thanh toán,2912,2807,105,466160,96.4
2026-06-24 00:00:00,ACB,Nạp Tiền,1015,990,25,219345,97.5
2026-06-24 00:00:00,ACB,Rút tiền,699,683,16,224427,97.7
2026-06-24 00:00:00,ACB,Chuyển tiền,635,611,24,527746,96.2
2026-06-24 00:00:00,VPBank,Thanh toán,2763,2617,146,380772,94.7
2026-06-24 00:00:00,VPBank,Nạp Tiền,976,945,31,189121,96.8
2026-06-24 00:00:00,VPBank,Rút tiền,692,658,34,246761,95.1
2026-06-24 00:00:00,VPBank,Chuyển tiền,599,565,34,457882,94.3
2026-06-24 00:00:00,Sacombank,Thanh toán,2051,1911,140,293900,93.2
2026-06-24 00:00:00,Sacombank,Nạp Tiền,766,718,48,149797,93.7
2026-06-24 00:00:00,Sacombank,Rút tiền,529,499,30,190735,94.3
2026-06-24 00:00:00,Sacombank,Chuyển tiền,459,429,30,355543,93.5
2026-06-24 00:00:00,TPBank,Thanh toán,1791,1728,63,269603,96.5
2026-06-24 00:00:00,TPBank,Nạp Tiền,656,650,6,123165,99.1
2026-06-24 00:00:00,TPBank,Rút tiền,455,446,9,173839,98.0
2026-06-24 00:00:00,TPBank,Chuyển tiền,384,376,8,281178,97.9
2026-06-24 00:00:00,Agribank,Thanh toán,1374,1283,91,209951,93.4
2026-06-24 00:00:00,Agribank,Nạp Tiền,501,466,35,99014,93.0
2026-06-24 00:00:00,Agribank,Rút tiền,331,307,24,106081,92.7
2026-06-24 00:00:00,Agribank,Chuyển tiền,300,278,22,237407,92.7
2026-06-25 00:00:00,Vietcombank,Thanh toán,7229,6916,313,980221,95.7
2026-06-25 00:00:00,Vietcombank,Nạp Tiền,2692,2505,187,591312,93.1
2026-06-25 00:00:00,Vietcombank,Rút tiền,1529,1433,96,554320,93.7
2026-06-25 00:00:00,Vietcombank,Chuyển tiền,1588,1507,81,1195955,94.9
2026-06-25 00:00:00,Techcombank,Thanh toán,4829,4668,161,659835,96.7
2026-06-25 00:00:00,Techcombank,Nạp Tiền,1850,1786,64,400579,96.5
2026-06-25 00:00:00,Techcombank,Rút tiền,1269,1226,43,438798,96.6
2026-06-25 00:00:00,Techcombank,Chuyển tiền,1052,1006,46,765746,95.6
2026-06-25 00:00:00,MB Bank,Thanh toán,5156,4942,214,759627,95.8
2026-06-25 00:00:00,MB Bank,Nạp Tiền,1852,1752,100,357461,94.6
2026-06-25 00:00:00,MB Bank,Rút tiền,1192,1138,54,426479,95.5
2026-06-25 00:00:00,MB Bank,Chuyển tiền,1034,974,60,859236,94.2
2026-06-25 00:00:00,VietinBank,Thanh toán,4029,3704,325,610451,91.9
2026-06-25 00:00:00,VietinBank,Nạp Tiền,1456,1331,125,295018,91.4
2026-06-25 00:00:00,VietinBank,Rút tiền,1048,964,84,389912,92.0
2026-06-25 00:00:00,VietinBank,Chuyển tiền,980,905,75,722826,92.3
2026-06-25 00:00:00,BIDV,Thanh toán,3770,3372,398,548434,89.4
2026-06-25 00:00:00,BIDV,Nạp Tiền,1427,1269,158,269457,88.9
2026-06-25 00:00:00,BIDV,Rút tiền,835,747,88,302636,89.5
2026-06-25 00:00:00,BIDV,Chuyển tiền,868,770,98,682774,88.7
2026-06-25 00:00:00,ACB,Thanh toán,2944,2778,166,430165,94.4
2026-06-25 00:00:00,ACB,Nạp Tiền,1144,1079,65,214236,94.3
2026-06-25 00:00:00,ACB,Rút tiền,701,654,47,263373,93.3
2026-06-25 00:00:00,ACB,Chuyển tiền,650,604,46,520980,92.9
2026-06-25 00:00:00,VPBank,Thanh toán,2651,2452,199,364804,92.5
2026-06-25 00:00:00,VPBank,Nạp Tiền,998,932,66,201383,93.4
2026-06-25 00:00:00,VPBank,Rút tiền,652,608,44,228922,93.3
2026-06-25 00:00:00,VPBank,Chuyển tiền,583,547,36,460120,93.8
2026-06-25 00:00:00,Sacombank,Thanh toán,2262,2076,186,364232,91.8
2026-06-25 00:00:00,Sacombank,Nạp Tiền,811,735,76,174910,90.6
2026-06-25 00:00:00,Sacombank,Rút tiền,491,448,43,185450,91.2
2026-06-25 00:00:00,Sacombank,Chuyển tiền,438,398,40,342539,90.9
2026-06-25 00:00:00,TPBank,Thanh toán,1923,1823,100,269969,94.8
2026-06-25 00:00:00,TPBank,Nạp Tiền,644,609,35,136637,94.6
2026-06-25 00:00:00,TPBank,Rút tiền,442,422,20,140094,95.5
2026-06-25 00:00:00,TPBank,Chuyển tiền,421,402,19,305130,95.5
2026-06-25 00:00:00,Agribank,Thanh toán,1489,1378,111,203154,92.5
2026-06-25 00:00:00,Agribank,Nạp Tiền,536,493,43,100744,92.0
2026-06-25 00:00:00,Agribank,Rút tiền,334,312,22,124398,93.4
2026-06-25 00:00:00,Agribank,Chuyển tiền,326,294,32,263437,90.2
2026-06-26 00:00:00,Vietcombank,Thanh toán,6983,6843,140,1122902,98.0
2026-06-26 00:00:00,Vietcombank,Nạp Tiền,2469,2361,108,525420,95.6
2026-06-26 00:00:00,Vietcombank,Rút tiền,1651,1581,70,614600,95.8
2026-06-26 00:00:00,Vietcombank,Chuyển tiền,1470,1415,55,1131965,96.3
2026-06-26 00:00:00,Techcombank,Thanh toán,4933,4795,138,793543,97.2
2026-06-26 00:00:00,Techcombank,Nạp Tiền,1775,1756,19,367209,98.9
2026-06-26 00:00:00,Techcombank,Rút tiền,1183,1153,30,449227,97.5
2026-06-26 00:00:00,Techcombank,Chuyển tiền,1022,984,38,851287,96.3
2026-06-26 00:00:00,MB Bank,Thanh toán,4773,4702,71,691518,98.5
2026-06-26 00:00:00,MB Bank,Nạp Tiền,1868,1858,10,362532,99.5
2026-06-26 00:00:00,MB Bank,Rút tiền,1143,1135,8,383212,99.3
2026-06-26 00:00:00,MB Bank,Chuyển tiền,1127,1104,23,854003,98.0
2026-06-26 00:00:00,VietinBank,Thanh toán,4427,4200,227,597893,94.9
2026-06-26 00:00:00,VietinBank,Nạp Tiền,1582,1500,82,321657,94.8
2026-06-26 00:00:00,VietinBank,Rút tiền,998,926,72,380516,92.8
2026-06-26 00:00:00,VietinBank,Chuyển tiền,908,847,61,740512,93.3
2026-06-26 00:00:00,BIDV,Thanh toán,3559,3373,186,553206,94.8
2026-06-26 00:00:00,BIDV,Nạp Tiền,1331,1264,67,273150,95.0
2026-06-26 00:00:00,BIDV,Rút tiền,890,847,43,316230,95.2
2026-06-26 00:00:00,BIDV,Chuyển tiền,839,806,33,648254,96.1
2026-06-26 00:00:00,ACB,Thanh toán,2762,2672,90,391838,96.7
2026-06-26 00:00:00,ACB,Nạp Tiền,1036,1007,29,224177,97.2
2026-06-26 00:00:00,ACB,Rút tiền,719,709,10,271370,98.6
2026-06-26 00:00:00,ACB,Chuyển tiền,607,580,27,454184,95.6
2026-06-26 00:00:00,VPBank,Thanh toán,2932,2819,113,446618,96.1
2026-06-26 00:00:00,VPBank,Nạp Tiền,982,939,43,187178,95.6
2026-06-26 00:00:00,VPBank,Rút tiền,691,674,17,265865,97.5
2026-06-26 00:00:00,VPBank,Chuyển tiền,568,539,29,422874,94.9
2026-06-26 00:00:00,Sacombank,Thanh toán,2081,1954,127,333909,93.9
2026-06-26 00:00:00,Sacombank,Nạp Tiền,712,679,33,140692,95.4
2026-06-26 00:00:00,Sacombank,Rút tiền,475,443,32,156930,93.3
2026-06-26 00:00:00,Sacombank,Chuyển tiền,472,434,38,411242,91.9
2026-06-26 00:00:00,TPBank,Thanh toán,1777,1757,20,264584,98.9
2026-06-26 00:00:00,TPBank,Nạp Tiền,685,667,18,149705,97.4
2026-06-26 00:00:00,TPBank,Rút tiền,450,441,9,167959,98.0
2026-06-26 00:00:00,TPBank,Chuyển tiền,364,352,12,292552,96.7
2026-06-26 00:00:00,Agribank,Thanh toán,1484,1407,77,225901,94.8
2026-06-26 00:00:00,Agribank,Nạp Tiền,510,490,20,102288,96.1
2026-06-26 00:00:00,Agribank,Rút tiền,329,310,19,112303,94.2
2026-06-26 00:00:00,Agribank,Chuyển tiền,315,297,18,227291,94.3
2026-06-27 00:00:00,Vietcombank,Thanh toán,4695,4581,114,674174,97.6
2026-06-27 00:00:00,Vietcombank,Nạp Tiền,1612,1565,47,337873,97.1
2026-06-27 00:00:00,Vietcombank,Rút tiền,1112,1062,50,360967,95.5
2026-06-27 00:00:00,Vietcombank,Chuyển tiền,922,877,45,792577,95.1
2026-06-27 00:00:00,Techcombank,Thanh toán,3343,3245,98,528256,97.1
2026-06-27 00:00:00,Techcombank,Nạp Tiền,1106,1065,41,220060,96.3
2026-06-27 00:00:00,Techcombank,Rút tiền,737,717,20,241092,97.3
2026-06-27 00:00:00,Techcombank,Chuyển tiền,740,707,33,550825,95.5
2026-06-27 00:00:00,MB Bank,Thanh toán,3122,3085,37,427484,98.8
2026-06-27 00:00:00,MB Bank,Nạp Tiền,1218,1193,25,221719,97.9
2026-06-27 00:00:00,MB Bank,Rút tiền,775,755,20,297642,97.4
2026-06-27 00:00:00,MB Bank,Chuyển tiền,688,676,12,577149,98.3
2026-06-27 00:00:00,VietinBank,Thanh toán,2845,2687,158,412648,94.4
2026-06-27 00:00:00,VietinBank,Nạp Tiền,973,910,63,202634,93.5
2026-06-27 00:00:00,VietinBank,Rút tiền,654,625,29,251437,95.6
2026-06-27 00:00:00,VietinBank,Chuyển tiền,626,589,37,465544,94.1
2026-06-27 00:00:00,BIDV,Thanh toán,2412,2310,102,382684,95.8
2026-06-27 00:00:00,BIDV,Nạp Tiền,941,889,52,173734,94.5
2026-06-27 00:00:00,BIDV,Rút tiền,607,580,27,199681,95.6
2026-06-27 00:00:00,BIDV,Chuyển tiền,515,496,19,387993,96.3
2026-06-27 00:00:00,ACB,Thanh toán,1992,1956,36,317328,98.2
2026-06-27 00:00:00,ACB,Nạp Tiền,691,680,11,130823,98.4
2026-06-27 00:00:00,ACB,Rút tiền,459,448,11,151583,97.6
2026-06-27 00:00:00,ACB,Chuyển tiền,445,428,17,333992,96.2
2026-06-27 00:00:00,VPBank,Thanh toán,1769,1715,54,280142,96.9
2026-06-27 00:00:00,VPBank,Nạp Tiền,660,629,31,138953,95.3
2026-06-27 00:00:00,VPBank,Rút tiền,396,376,20,151765,94.9
2026-06-27 00:00:00,VPBank,Chuyển tiền,380,359,21,322638,94.5
2026-06-27 00:00:00,Sacombank,Thanh toán,1374,1292,82,197816,94.0
2026-06-27 00:00:00,Sacombank,Nạp Tiền,484,452,32,93221,93.4
2026-06-27 00:00:00,Sacombank,Rút tiền,325,301,24,103161,92.6
2026-06-27 00:00:00,Sacombank,Chuyển tiền,301,279,22,223428,92.7
2026-06-27 00:00:00,TPBank,Thanh toán,1222,1185,37,192724,97.0
2026-06-27 00:00:00,TPBank,Nạp Tiền,414,404,10,87792,97.6
2026-06-27 00:00:00,TPBank,Rút tiền,286,282,4,99112,98.6
2026-06-27 00:00:00,TPBank,Chuyển tiền,234,231,3,177499,98.7
2026-06-27 00:00:00,Agribank,Thanh toán,842,788,54,128645,93.6
2026-06-27 00:00:00,Agribank,Nạp Tiền,348,332,16,76020,95.4
2026-06-27 00:00:00,Agribank,Rút tiền,228,218,10,73101,95.6
2026-06-27 00:00:00,Agribank,Chuyển tiền,205,194,11,156356,94.6
2026-06-28 00:00:00,Vietcombank,Thanh toán,4666,4472,194,760252,95.8
2026-06-28 00:00:00,Vietcombank,Nạp Tiền,1617,1555,62,327689,96.2
2026-06-28 00:00:00,Vietcombank,Rút tiền,1054,1036,18,373954,98.3
2026-06-28 00:00:00,Vietcombank,Chuyển tiền,962,935,27,740165,97.2
2026-06-28 00:00:00,Techcombank,Thanh toán,3416,3363,53,517542,98.4
2026-06-28 00:00:00,Techcombank,Nạp Tiền,1178,1139,39,243685,96.7
2026-06-28 00:00:00,Techcombank,Rút tiền,834,818,16,300409,98.1
2026-06-28 00:00:00,Techcombank,Chuyển tiền,734,706,28,588232,96.2
2026-06-28 00:00:00,MB Bank,Thanh toán,3331,3234,97,490006,97.1
2026-06-28 00:00:00,MB Bank,Nạp Tiền,1216,1193,23,262774,98.1
2026-06-28 00:00:00,MB Bank,Rút tiền,697,689,8,221127,98.9
2026-06-28 00:00:00,MB Bank,Chuyển tiền,724,712,12,611241,98.3
2026-06-28 00:00:00,VietinBank,Thanh toán,2864,2738,126,409757,95.6
2026-06-28 00:00:00,VietinBank,Nạp Tiền,920,874,46,173741,95.0
2026-06-28 00:00:00,VietinBank,Rút tiền,695,662,33,229979,95.3
2026-06-28 00:00:00,VietinBank,Chuyển tiền,559,529,30,453155,94.6
2026-06-28 00:00:00,BIDV,Thanh toán,2556,2401,155,391383,93.9
2026-06-28 00:00:00,BIDV,Nạp Tiền,925,878,47,173563,94.9
2026-06-28 00:00:00,BIDV,Rút tiền,601,569,32,196463,94.7
2026-06-28 00:00:00,BIDV,Chuyển tiền,532,510,22,417318,95.9
2026-06-28 00:00:00,ACB,Thanh toán,1958,1911,47,308864,97.6
2026-06-28 00:00:00,ACB,Nạp Tiền,671,643,28,120984,95.8
2026-06-28 00:00:00,ACB,Rút tiền,473,458,15,164747,96.8
2026-06-28 00:00:00,ACB,Chuyển tiền,394,381,13,305357,96.7
2026-06-28 00:00:00,VPBank,Thanh toán,1747,1703,44,252228,97.5
2026-06-28 00:00:00,VPBank,Nạp Tiền,651,631,20,128393,96.9
2026-06-28 00:00:00,VPBank,Rút tiền,438,425,13,161925,97.0
2026-06-28 00:00:00,VPBank,Chuyển tiền,415,395,20,303375,95.2
2026-06-28 00:00:00,Sacombank,Thanh toán,1372,1277,95,203725,93.1
2026-06-28 00:00:00,Sacombank,Nạp Tiền,524,492,32,113143,93.9
2026-06-28 00:00:00,Sacombank,Rút tiền,344,327,17,117741,95.1
2026-06-28 00:00:00,Sacombank,Chuyển tiền,284,268,16,212963,94.4
2026-06-28 00:00:00,TPBank,Thanh toán,1069,1039,30,147465,97.2
2026-06-28 00:00:00,TPBank,Nạp Tiền,454,443,11,98050,97.6
2026-06-28 00:00:00,TPBank,Rút tiền,286,282,4,97074,98.6
2026-06-28 00:00:00,TPBank,Chuyển tiền,271,260,11,211949,95.9
2026-06-28 00:00:00,Agribank,Thanh toán,922,889,33,125212,96.4
2026-06-28 00:00:00,Agribank,Nạp Tiền,323,310,13,70489,96.0
2026-06-28 00:00:00,Agribank,Rút tiền,207,199,8,70287,96.1
2026-06-28 00:00:00,Agribank,Chuyển tiền,199,187,12,161075,94.0
2026-06-29 00:00:00,Vietcombank,Thanh toán,6458,6290,168,1040456,97.4
2026-06-29 00:00:00,Vietcombank,Nạp Tiền,2411,2333,78,438927,96.8
2026-06-29 00:00:00,Vietcombank,Rút tiền,1619,1573,46,622960,97.2
2026-06-29 00:00:00,Vietcombank,Chuyển tiền,1406,1366,40,1202458,97.2
2026-06-29 00:00:00,Techcombank,Thanh toán,5166,5099,67,801995,98.7
2026-06-29 00:00:00,Techcombank,Nạp Tiền,1714,1649,65,333414,96.2
2026-06-29 00:00:00,Techcombank,Rút tiền,1115,1080,35,398255,96.9
2026-06-29 00:00:00,Techcombank,Chuyển tiền,1143,1103,40,964755,96.5
2026-06-29 00:00:00,MB Bank,Thanh toán,4611,4506,105,660696,97.7
2026-06-29 00:00:00,MB Bank,Nạp Tiền,1845,1797,48,363371,97.4
2026-06-29 00:00:00,MB Bank,Rút tiền,1113,1105,8,397684,99.3
2026-06-29 00:00:00,MB Bank,Chuyển tiền,1070,1030,40,833659,96.3
2026-06-29 00:00:00,VietinBank,Thanh toán,3936,3693,243,557218,93.8
2026-06-29 00:00:00,VietinBank,Nạp Tiền,1603,1495,108,320812,93.3
2026-06-29 00:00:00,VietinBank,Rút tiền,1046,986,60,397008,94.3
2026-06-29 00:00:00,VietinBank,Chuyển tiền,982,908,74,783932,92.5
2026-06-29 00:00:00,BIDV,Thanh toán,3477,3307,170,531263,95.1
2026-06-29 00:00:00,BIDV,Nạp Tiền,1438,1391,47,310954,96.7
2026-06-29 00:00:00,BIDV,Rút tiền,946,915,31,338831,96.7
2026-06-29 00:00:00,BIDV,Chuyển tiền,797,745,52,676941,93.5
2026-06-29 00:00:00,ACB,Thanh toán,3160,3106,54,468015,98.3
2026-06-29 00:00:00,ACB,Nạp Tiền,1011,969,42,204881,95.8
2026-06-29 00:00:00,ACB,Rút tiền,665,651,14,220601,97.9
2026-06-29 00:00:00,ACB,Chuyển tiền,642,611,31,504647,95.2
2026-06-29 00:00:00,VPBank,Thanh toán,2846,2718,128,465945,95.5
2026-06-29 00:00:00,VPBank,Nạp Tiền,990,938,52,210768,94.7
2026-06-29 00:00:00,VPBank,Rút tiền,640,611,29,226119,95.5
2026-06-29 00:00:00,VPBank,Chuyển tiền,579,555,24,440385,95.9
2026-06-29 00:00:00,Sacombank,Thanh toán,2191,2052,139,330915,93.7
2026-06-29 00:00:00,Sacombank,Nạp Tiền,798,756,42,158000,94.7
2026-06-29 00:00:00,Sacombank,Rút tiền,527,495,32,180078,93.9
2026-06-29 00:00:00,Sacombank,Chuyển tiền,473,444,29,345581,93.9
2026-06-29 00:00:00,TPBank,Thanh toán,1716,1679,37,263258,97.8
2026-06-29 00:00:00,TPBank,Nạp Tiền,629,616,13,120367,97.9
2026-06-29 00:00:00,TPBank,Rút tiền,396,383,13,147224,96.7
2026-06-29 00:00:00,TPBank,Chuyển tiền,386,381,5,338008,98.7
2026-06-29 00:00:00,Agribank,Thanh toán,1298,1223,75,196631,94.2
2026-06-29 00:00:00,Agribank,Nạp Tiền,472,450,22,100487,95.3
2026-06-29 00:00:00,Agribank,Rút tiền,308,294,14,112802,95.5
2026-06-29 00:00:00,Agribank,Chuyển tiền,308,287,21,233002,93.2
2026-06-30 00:00:00,Vietcombank,Thanh toán,8720,8577,143,1267626,98.4
2026-06-30 00:00:00,Vietcombank,Nạp Tiền,2896,2820,76,573821,97.4
2026-06-30 00:00:00,Vietcombank,Rút tiền,2017,1938,79,659433,96.1
2026-06-30 00:00:00,Vietcombank,Chuyển tiền,1835,1792,43,1476321,97.7
2026-06-30 00:00:00,Techcombank,Thanh toán,6055,5954,101,927964,98.3
2026-06-30 00:00:00,Techcombank,Nạp Tiền,2133,2095,38,449506,98.2
2026-06-30 00:00:00,Techcombank,Rút tiền,1424,1368,56,501716,96.1
2026-06-30 00:00:00,Techcombank,Chuyển tiền,1219,1186,33,1039196,97.3
2026-06-30 00:00:00,MB Bank,Thanh toán,5236,5165,71,755331,98.6
2026-06-30 00:00:00,MB Bank,Nạp Tiền,2042,2005,37,408625,98.2
2026-06-30 00:00:00,MB Bank,Rút tiền,1231,1203,28,392438,97.7
2026-06-30 00:00:00,MB Bank,Chuyển tiền,1269,1251,18,914149,98.6
2026-06-30 00:00:00,VietinBank,Thanh toán,4514,4258,256,618298,94.3
2026-06-30 00:00:00,VietinBank,Nạp Tiền,1824,1738,86,339596,95.3
2026-06-30 00:00:00,VietinBank,Rút tiền,1081,1021,60,380805,94.4
2026-06-30 00:00:00,VietinBank,Chuyển tiền,1129,1056,73,885147,93.5
2026-06-30 00:00:00,BIDV,Thanh toán,4446,4194,252,731150,94.3
2026-06-30 00:00:00,BIDV,Nạp Tiền,1656,1603,53,339724,96.8
2026-06-30 00:00:00,BIDV,Rút tiền,1083,1017,66,375849,93.9
2026-06-30 00:00:00,BIDV,Chuyển tiền,945,894,51,793230,94.6
2026-06-30 00:00:00,ACB,Thanh toán,3447,3396,51,493909,98.5
2026-06-30 00:00:00,ACB,Nạp Tiền,1313,1274,39,249534,97.0
2026-06-30 00:00:00,ACB,Rút tiền,844,817,27,269062,96.8
2026-06-30 00:00:00,ACB,Chuyển tiền,702,676,26,592660,96.3
2026-06-30 00:00:00,VPBank,Thanh toán,3104,2959,145,479173,95.3
2026-06-30 00:00:00,VPBank,Nạp Tiền,1089,1032,57,235239,94.8
2026-06-30 00:00:00,VPBank,Rút tiền,755,732,23,240018,97.0
2026-06-30 00:00:00,VPBank,Chuyển tiền,660,638,22,559599,96.7
2026-06-30 00:00:00,Sacombank,Thanh toán,2464,2302,162,345374,93.4
2026-06-30 00:00:00,Sacombank,Nạp Tiền,941,875,66,199968,93.0
2026-06-30 00:00:00,Sacombank,Rút tiền,587,553,34,189994,94.2
2026-06-30 00:00:00,Sacombank,Chuyển tiền,570,527,43,452580,92.5
2026-06-30 00:00:00,TPBank,Thanh toán,2153,2087,66,324642,96.9
2026-06-30 00:00:00,TPBank,Nạp Tiền,718,700,18,154093,97.5
2026-06-30 00:00:00,TPBank,Rút tiền,470,458,12,161683,97.4
2026-06-30 00:00:00,TPBank,Chuyển tiền,485,470,15,399702,96.9
2026-06-30 00:00:00,Agribank,Thanh toán,1672,1589,83,234692,95.0
2026-06-30 00:00:00,Agribank,Nạp Tiền,573,547,26,103388,95.5
2026-06-30 00:00:00,Agribank,Rút tiền,412,396,16,148416,96.1
2026-06-30 00:00:00,Agribank,Chuyển tiền,330,309,21,246933,93.6
